{"flights":[{"id":91595,"flightName":"TS371","scheduleDate":"2015-08-29","flightDirection":"D","flightNumber":null,"prefixIATA":"TS","prefixICAO":null,"scheduleTime":"08:00:00","serviceType":null,"mainFlight":"TS371","codeshares":null,"estimatedLandingTime":null,"actualLandingTime":null,"publicEstimatedOffBlockTime":null,"actualOffBlockTime":null,"publicFlightState":null,"route":{"destinations":["YYZ"]},"terminal":null,"gate":null,"baggageClaim":null,"expectedTimeOnBelt":null,"checkinAllocations":null,"transferPositions":null,"aircraftType":null,"aircraftRegistration":null,"expectedTimeGateOpen":null,"expectedTimeBoarding":null,"expectedTimeGateClosing":null,"schemaVersion":"1.0"},{"id":91821,"flightName":"8Q851","scheduleDate":"2015-08-27","flightDirection":"A","flightNumber":null,"prefixIATA":"8Q","prefixICAO":null,"scheduleTime":"08:00:00","serviceType":null,"mainFlight":"8Q851","codeshares":null,"estimatedLandingTime":null,"actualLandingTime":null,"publicEstimatedOffBlockTime":null,"actualOffBlockTime":null,"publicFlightState":null,"route":{"destinations":["AYT"]},"terminal":null,"gate":null,"baggageClaim":null,"expectedTimeOnBelt":null,"checkinAllocations":null,"transferPositions":null,"aircraftType":null,"aircraftRegistration":null,"expectedTimeGateOpen":null,"expectedTimeBoarding":null,"expectedTimeGateClosing":null,"schemaVersion":"1.0"},{"id":90190,"flightName":"4U7181","scheduleDate":"2015-08-18","flightDirection":"D","flightNumber":null,"prefixIATA":"4U","prefixICAO":null,"scheduleTime":"08:15:00","serviceType":null,"mainFlight":"4U7181","codeshares":null,"estimatedLandingTime":null,"actualLandingTime":null,"publicEstimatedOffBlockTime":null,"actualOffBlockTime":null,"publicFlightState":null,"route":{"destinations":["HAM"]},"terminal":null,"gate":null,"baggageClaim":null,"expectedTimeOnBelt":null,"checkinAllocations":null,"transferPositions":null,"aircraftType":null,"aircraftRegistration":null,"expectedTimeGateOpen":null,"expectedTimeBoarding":null,"expectedTimeGateClosing":null,"schemaVersion":"1.0"},{"id":90410,"flightName":"LH2300","scheduleDate":"2015-08-20","flightDirection":"A","flightNumber":null,"prefixIATA":"LH","prefixICAO":null,"scheduleTime":"08:15:00","serviceType":null,"mainFlight":"LH2300","codeshares":null,"estimatedLandingTime":null,"actualLandingTime":null,"publicEstimatedOffBlockTime":null,"actualOffBlockTime":null,"publicFlightState":null,"route":{"destinations":["MUC"]},"terminal":null,"gate":null,"baggageClaim":null,"expectedTimeOnBelt":null,"checkinAllocations":null,"transferPositions":null,"aircraftType":null,"aircraftRegistration":null,"expectedTimeGateOpen":null,"expectedTimeBoarding":null,"expectedTimeGateClosing":null,"schemaVersion":"1.0"},{"id":90463,"flightName":"4U7181","scheduleDate":"2015-08-20","flightDirection":"D","flightNumber":null,"prefixIATA":"4U","prefixICAO":null,"scheduleTime":"08:15:00","serviceType":null,"mainFlight":"4U7181","codeshares":null,"estimatedLandingTime":null,"actualLandingTime":null,"publicEstimatedOffBlockTime":null,"actualOffBlockTime":null,"publicFlightState":null,"route":{"destinations":["HAM"]},"terminal":null,"gate":null,"baggageClaim":null,"expectedTimeOnBelt":null,"checkinAllocations":null,"transferPositions":null,"aircraftType":null,"aircraftRegistration":null,"expectedTimeGateOpen":null,"expectedTimeBoarding":null,"expectedTimeGateClosing":null,"schemaVersion":"1.0"},{"id":90532,"flightName":"KC903","scheduleDate":"2015-08-21","flightDirection":"A","flightNumber":null,"prefixIATA":"KC","prefixICAO":null,"scheduleTime":"08:15:00","serviceType":null,"mainFlight":"KC903","codeshares":null,"estimatedLandingTime":null,"actualLandingTime":null,"publicEstimatedOffBlockTime":null,"actualOffBlockTime":null,"publicFlightState":null,"route":{"destinations":["GUW"]},"terminal":null,"gate":null,"baggageClaim":null,"expectedTimeOnBelt":null,"checkinAllocations":null,"transferPositions":null,"aircraftType":null,"aircraftRegistration":null,"expectedTimeGateOpen":null,"expectedTimeBoarding":null,"expectedTimeGateClosing":null,"schemaVersion":"1.0"},{"id":90584,"flightName":"LH2300","scheduleDate":"2015-08-21","flightDirection":"A","flightNumber":null,"prefixIATA":"LH","prefixICAO":null,"scheduleTime":"08:15:00","serviceType":null,"mainFlight":"LH2300","codeshares":null,"estimatedLandingTime":null,"actualLandingTime":null,"publicEstimatedOffBlockTime":null,"actualOffBlockTime":null,"publicFlightState":null,"route":{"destinations":["MUC"]},"terminal":null,"gate":null,"baggageClaim":null,"expectedTimeOnBelt":null,"checkinAllocations":null,"transferPositions":null,"aircraftType":null,"aircraftRegistration":null,"expectedTimeGateOpen":null,"expectedTimeBoarding":null,"expectedTimeGateClosing":null,"schemaVersion":"1.0"},{"id":90991,"flightName":"KC903","scheduleDate":"2015-08-25","flightDirection":"A","flightNumber":null,"prefixIATA":"KC","prefixICAO":null,"scheduleTime":"08:15:00","serviceType":null,"mainFlight":"KC903","codeshares":null,"estimatedLandingTime":null,"actualLandingTime":null,"publicEstimatedOffBlockTime":null,"actualOffBlockTime":null,"publicFlightState":null,"route":{"destinations":["GUW"]},"terminal":null,"gate":null,"baggageClaim":null,"expectedTimeOnBelt":null,"checkinAllocations":null,"transferPositions":null,"aircraftType":null,"aircraftRegistration":null,"expectedTimeGateOpen":null,"expectedTimeBoarding":null,"expectedTimeGateClosing":null,"schemaVersion":"1.0"},{"id":90993,"flightName":"KC903","scheduleDate":"2015-08-26","flightDirection":"A","flightNumber":null,"prefixIATA":"KC","prefixICAO":null,"scheduleTime":"08:15:00","serviceType":null,"mainFlight":"KC903","codeshares":null,"estimatedLandingTime":null,"actualLandingTime":null,"publicEstimatedOffBlockTime":null,"actualOffBlockTime":null,"publicFlightState":null,"route":{"destinations":["GUW"]},"terminal":null,"gate":null,"baggageClaim":null,"expectedTimeOnBelt":null,"checkinAllocations":null,"transferPositions":null,"aircraftType":null,"aircraftRegistration":null,"expectedTimeGateOpen":null,"expectedTimeBoarding":null,"expectedTimeGateClosing":null,"schemaVersion":"1.0"},{"id":90995,"flightName":"KC903","scheduleDate":"2015-08-27","flightDirection":"A","flightNumber":null,"prefixIATA":"KC","prefixICAO":null,"scheduleTime":"08:15:00","serviceType":null,"mainFlight":"KC903","codeshares":null,"estimatedLandingTime":null,"actualLandingTime":null,"publicEstimatedOffBlockTime":null,"actualOffBlockTime":null,"publicFlightState":null,"route":{"destinations":["GUW"]},"terminal":null,"gate":null,"baggageClaim":null,"expectedTimeOnBelt":null,"checkinAllocations":null,"transferPositions":null,"aircraftType":null,"aircraftRegistration":null,"expectedTimeGateOpen":null,"expectedTimeBoarding":null,"expectedTimeGateClosing":null,"schemaVersion":"1.0"},{"id":90997,"flightName":"KC903","scheduleDate":"2015-08-28","flightDirection":"A","flightNumber":null,"prefixIATA":"KC","prefixICAO":null,"scheduleTime":"08:15:00","serviceType":null,"mainFlight":"KC903","codeshares":null,"estimatedLandingTime":null,"actualLandingTime":null,"publicEstimatedOffBlockTime":null,"actualOffBlockTime":null,"publicFlightState":null,"route":{"destinations":["GUW"]},"terminal":null,"gate":null,"baggageClaim":null,"expectedTimeOnBelt":null,"checkinAllocations":null,"transferPositions":null,"aircraftType":null,"aircraftRegistration":null,"expectedTimeGateOpen":null,"expectedTimeBoarding":null,"expectedTimeGateClosing":null,"schemaVersion":"1.0"},{"id":90999,"flightName":"KC903","scheduleDate":"2015-08-30","flightDirection":"A","flightNumber":null,"prefixIATA":"KC","prefixICAO":null,"scheduleTime":"08:15:00","serviceType":null,"mainFlight":"KC903","codeshares":null,"estimatedLandingTime":null,"actualLandingTime":null,"publicEstimatedOffBlockTime":null,"actualOffBlockTime":null,"publicFlightState":null,"route":{"destinations":["GUW"]},"terminal":null,"gate":null,"baggageClaim":null,"expectedTimeOnBelt":null,"checkinAllocations":null,"transferPositions":null,"aircraftType":null,"aircraftRegistration":null,"expectedTimeGateOpen":null,"expectedTimeBoarding":null,"expectedTimeGateClosing":null,"schemaVersion":"1.0"},{"id":91001,"flightName":"KC903","scheduleDate":"2015-08-31","flightDirection":"A","flightNumber":null,"prefixIATA":"KC","prefixICAO":null,"scheduleTime":"08:15:00","serviceType":null,"mainFlight":"KC903","codeshares":null,"estimatedLandingTime":null,"actualLandingTime":null,"publicEstimatedOffBlockTime":null,"actualOffBlockTime":null,"publicFlightState":null,"route":{"destinations":["GUW"]},"terminal":null,"gate":null,"baggageClaim":null,"expectedTimeOnBelt":null,"checkinAllocations":null,"transferPositions":null,"aircraftType":null,"aircraftRegistration":null,"expectedTimeGateOpen":null,"expectedTimeBoarding":null,"expectedTimeGateClosing":null,"schemaVersion":"1.0"},{"id":91051,"flightName":"LH2300","scheduleDate":"2015-08-26","flightDirection":"A","flightNumber":null,"prefixIATA":"LH","prefixICAO":null,"scheduleTime":"08:15:00","serviceType":null,"mainFlight":"LH2300","codeshares":null,"estimatedLandingTime":null,"actualLandingTime":null,"publicEstimatedOffBlockTime":null,"actualOffBlockTime":null,"publicFlightState":null,"route":{"destinations":["MUC"]},"terminal":null,"gate":null,"baggageClaim":null,"expectedTimeOnBelt":null,"checkinAllocations":null,"transferPositions":null,"aircraftType":null,"aircraftRegistration":null,"expectedTimeGateOpen":null,"expectedTimeBoarding":null,"expectedTimeGateClosing":null,"schemaVersion":"1.0"},{"id":91054,"flightName":"LH2300","scheduleDate":"2015-08-28","flightDirection":"A","flightNumber":null,"prefixIATA":"LH","prefixICAO":null,"scheduleTime":"08:15:00","serviceType":null,"mainFlight":"LH2300","codeshares":null,"estimatedLandingTime":null,"actualLandingTime":null,"publicEstimatedOffBlockTime":null,"actualOffBlockTime":null,"publicFlightState":null,"route":{"destinations":["MUC"]},"terminal":null,"gate":null,"baggageClaim":null,"expectedTimeOnBelt":null,"checkinAllocations":null,"transferPositions":null,"aircraftType":null,"aircraftRegistration":null,"expectedTimeGateOpen":null,"expectedTimeBoarding":null,"expectedTimeGateClosing":null,"schemaVersion":"1.0"},{"id":91056,"flightName":"LH2300","scheduleDate":"2015-08-31","flightDirection":"A","flightNumber":null,"prefixIATA":"LH","prefixICAO":null,"scheduleTime":"08:15:00","serviceType":null,"mainFlight":"LH2300","codeshares":null,"estimatedLandingTime":null,"actualLandingTime":null,"publicEstimatedOffBlockTime":null,"actualOffBlockTime":null,"publicFlightState":null,"route":{"destinations":["MUC"]},"terminal":null,"gate":null,"baggageClaim":null,"expectedTimeOnBelt":null,"checkinAllocations":null,"transferPositions":null,"aircraftType":null,"aircraftRegistration":null,"expectedTimeGateOpen":null,"expectedTimeBoarding":null,"expectedTimeGateClosing":null,"schemaVersion":"1.0"},{"id":91792,"flightName":"4U7181","scheduleDate":"2015-08-28","flightDirection":"D","flightNumber":null,"prefixIATA":"4U","prefixICAO":null,"scheduleTime":"08:15:00","serviceType":null,"mainFlight":"4U7181","codeshares":null,"estimatedLandingTime":null,"actualLandingTime":null,"publicEstimatedOffBlockTime":null,"actualOffBlockTime":null,"publicFlightState":null,"route":{"destinations":["HAM"]},"terminal":null,"gate":null,"baggageClaim":null,"expectedTimeOnBelt":null,"checkinAllocations":null,"transferPositions":null,"aircraftType":null,"aircraftRegistration":null,"expectedTimeGateOpen":null,"expectedTimeBoarding":null,"expectedTimeGateClosing":null,"schemaVersion":"1.0"},{"id":91794,"flightName":"4U7181","scheduleDate":"2015-08-27","flightDirection":"D","flightNumber":null,"prefixIATA":"4U","prefixICAO":null,"scheduleTime":"08:15:00","serviceType":null,"mainFlight":"4U7181","codeshares":null,"estimatedLandingTime":null,"actualLandingTime":null,"publicEstimatedOffBlockTime":null,"actualOffBlockTime":null,"publicFlightState":null,"route":{"destinations":["HAM"]},"terminal":null,"gate":null,"baggageClaim":null,"expectedTimeOnBelt":null,"checkinAllocations":null,"transferPositions":null,"aircraftType":null,"aircraftRegistration":null,"expectedTimeGateOpen":null,"expectedTimeBoarding":null,"expectedTimeGateClosing":null,"schemaVersion":"1.0"},{"id":91796,"flightName":"4U7181","scheduleDate":"2015-08-25","flightDirection":"D","flightNumber":null,"prefixIATA":"4U","prefixICAO":null,"scheduleTime":"08:15:00","serviceType":null,"mainFlight":"4U7181","codeshares":null,"estimatedLandingTime":null,"actualLandingTime":null,"publicEstimatedOffBlockTime":null,"actualOffBlockTime":null,"publicFlightState":null,"route":{"destinations":["HAM"]},"terminal":null,"gate":null,"baggageClaim":null,"expectedTimeOnBelt":null,"checkinAllocations":null,"transferPositions":null,"aircraftType":null,"aircraftRegistration":null,"expectedTimeGateOpen":null,"expectedTimeBoarding":null,"expectedTimeGateClosing":null,"schemaVersion":"1.0"},{"id":91798,"flightName":"4U7181","scheduleDate":"2015-08-31","flightDirection":"D","flightNumber":null,"prefixIATA":"4U","prefixICAO":null,"scheduleTime":"08:15:00","serviceType":null,"mainFlight":"4U7181","codeshares":null,"estimatedLandingTime":null,"actualLandingTime":null,"publicEstimatedOffBlockTime":null,"actualOffBlockTime":null,"publicFlightState":null,"route":{"destinations":["HAM"]},"terminal":null,"gate":null,"baggageClaim":null,"expectedTimeOnBelt":null,"checkinAllocations":null,"transferPositions":null,"aircraftType":null,"aircraftRegistration":null,"expectedTimeGateOpen":null,"expectedTimeBoarding":null,"expectedTimeGateClosing":null,"schemaVersion":"1.0"}],"schemaVersion":"1.0"}
