{"flights":[{"id":91198,"flightName":"LO265","scheduleDate":"2015-08-31","flightDirection":"A","flightNumber":null,"prefixIATA":"LO","prefixICAO":null,"scheduleTime":"09:40:00","serviceType":null,"mainFlight":"LO265","codeshares":null,"estimatedLandingTime":null,"actualLandingTime":null,"publicEstimatedOffBlockTime":null,"actualOffBlockTime":null,"publicFlightState":null,"route":{"destinations":["WAW"]},"terminal":null,"gate":null,"baggageClaim":null,"expectedTimeOnBelt":null,"checkinAllocations":null,"transferPositions":null,"aircraftType":null,"aircraftRegistration":null,"expectedTimeGateOpen":null,"expectedTimeBoarding":null,"expectedTimeGateClosing":null,"schemaVersion":"1.0"},{"id":91767,"flightName":"3O127","scheduleDate":"2015-08-25","flightDirection":"A","flightNumber":null,"prefixIATA":"3O","prefixICAO":null,"scheduleTime":"09:40:00","serviceType":null,"mainFlight":"3O127","codeshares":null,"estimatedLandingTime":null,"actualLandingTime":null,"publicEstimatedOffBlockTime":null,"actualOffBlockTime":null,"publicFlightState":null,"route":{"destinations":["TNG"]},"terminal":null,"gate":null,"baggageClaim":null,"expectedTimeOnBelt":null,"checkinAllocations":null,"transferPositions":null,"aircraftType":null,"aircraftRegistration":null,"expectedTimeGateOpen":null,"expectedTimeBoarding":null,"expectedTimeGateClosing":null,"schemaVersion":"1.0"},{"id":91954,"flightName":"HV5807","scheduleDate":"2015-08-25","flightDirection":"D","flightNumber":null,"prefixIATA":"HV","prefixICAO":null,"scheduleTime":"09:40:00","serviceType":null,"mainFlight":"HV5807","codeshares":{"codeshares":["KL2563"]},"estimatedLandingTime":null,"actualLandingTime":null,"publicEstimatedOffBlockTime":null,"actualOffBlockTime":null,"publicFlightState":null,"route":{"destinations":["SKG"]},"terminal":null,"gate":null,"baggageClaim":null,"expectedTimeOnBelt":null,"checkinAllocations":null,"transferPositions":null,"aircraftType":null,"aircraftRegistration":null,"expectedTimeGateOpen":null,"expectedTimeBoarding":null,"expectedTimeGateClosing":null,"schemaVersion":"1.0"},{"id":91954,"flightName":"KL2563","scheduleDate":"2015-08-25","flightDirection":"D","flightNumber":null,"prefixIATA":"KL","prefixICAO":null,"scheduleTime":"09:40:00","serviceType":null,"mainFlight":"HV5807","codeshares":{"codeshares":["KL2563"]},"estimatedLandingTime":null,"actualLandingTime":null,"publicEstimatedOffBlockTime":null,"actualOffBlockTime":null,"publicFlightState":null,"route":{"destinations":["SKG"]},"terminal":null,"gate":null,"baggageClaim":null,"expectedTimeOnBelt":null,"checkinAllocations":null,"transferPositions":null,"aircraftType":null,"aircraftRegistration":null,"expectedTimeGateOpen":null,"expectedTimeBoarding":null,"expectedTimeGateClosing":null,"schemaVersion":"1.0"},{"id":90382,"flightName":"6H206","scheduleDate":"2015-08-19","flightDirection":"D","flightNumber":null,"prefixIATA":"6H","prefixICAO":null,"scheduleTime":"09:45:00","serviceType":null,"mainFlight":"6H206","codeshares":null,"estimatedLandingTime":null,"actualLandingTime":null,"publicEstimatedOffBlockTime":null,"actualOffBlockTime":null,"publicFlightState":null,"route":{"destinations":["TLV"]},"terminal":null,"gate":null,"baggageClaim":null,"expectedTimeOnBelt":null,"checkinAllocations":null,"transferPositions":null,"aircraftType":null,"aircraftRegistration":null,"expectedTimeGateOpen":null,"expectedTimeBoarding":null,"expectedTimeGateClosing":null,"schemaVersion":"1.0"},{"id":91221,"flightName":"LX725","scheduleDate":"2015-08-30","flightDirection":"D","flightNumber":null,"prefixIATA":"LX","prefixICAO":null,"scheduleTime":"09:45:00","serviceType":null,"mainFlight":"LX725","codeshares":null,"estimatedLandingTime":null,"actualLandingTime":null,"publicEstimatedOffBlockTime":null,"actualOffBlockTime":null,"publicFlightState":null,"route":{"destinations":["ZRH"]},"terminal":null,"gate":null,"baggageClaim":null,"expectedTimeOnBelt":null,"checkinAllocations":null,"transferPositions":null,"aircraftType":null,"aircraftRegistration":null,"expectedTimeGateOpen":null,"expectedTimeBoarding":null,"expectedTimeGateClosing":null,"schemaVersion":"1.0"},{"id":91223,"flightName":"LX725","scheduleDate":"2015-08-29","flightDirection":"D","flightNumber":null,"prefixIATA":"LX","prefixICAO":null,"scheduleTime":"09:45:00","serviceType":null,"mainFlight":"LX725","codeshares":null,"estimatedLandingTime":null,"actualLandingTime":null,"publicEstimatedOffBlockTime":null,"actualOffBlockTime":null,"publicFlightState":null,"route":{"destinations":["ZRH"]},"terminal":null,"gate":null,"baggageClaim":null,"expectedTimeOnBelt":null,"checkinAllocations":null,"transferPositions":null,"aircraftType":null,"aircraftRegistration":null,"expectedTimeGateOpen":null,"expectedTimeBoarding":null,"expectedTimeGateClosing":null,"schemaVersion":"1.0"},{"id":91644,"flightName":"VY6290","scheduleDate":"2015-08-27","flightDirection":"A","flightNumber":null,"prefixIATA":"VY","prefixICAO":null,"scheduleTime":"09:45:00","serviceType":null,"mainFlight":"VY6290","codeshares":null,"estimatedLandingTime":null,"actualLandingTime":null,"publicEstimatedOffBlockTime":null,"actualOffBlockTime":null,"publicFlightState":null,"route":{"destinations":["FCO"]},"terminal":null,"gate":null,"baggageClaim":null,"expectedTimeOnBelt":null,"checkinAllocations":null,"transferPositions":null,"aircraftType":null,"aircraftRegistration":null,"expectedTimeGateOpen":null,"expectedTimeBoarding":null,"expectedTimeGateClosing":null,"schemaVersion":"1.0"},{"id":91646,"flightName":"VY6290","scheduleDate":"2015-08-28","flightDirection":"A","flightNumber":null,"prefixIATA":"VY","prefixICAO":null,"scheduleTime":"09:45:00","serviceType":null,"mainFlight":"VY6290","codeshares":null,"estimatedLandingTime":null,"actualLandingTime":null,"publicEstimatedOffBlockTime":null,"actualOffBlockTime":null,"publicFlightState":null,"route":{"destinations":["FCO"]},"terminal":null,"gate":null,"baggageClaim":null,"expectedTimeOnBelt":null,"checkinAllocations":null,"transferPositions":null,"aircraftType":null,"aircraftRegistration":null,"expectedTimeGateOpen":null,"expectedTimeBoarding":null,"expectedTimeGateClosing":null,"schemaVersion":"1.0"},{"id":91648,"flightName":"VY6290","scheduleDate":"2015-08-29","flightDirection":"A","flightNumber":null,"prefixIATA":"VY","prefixICAO":null,"scheduleTime":"09:45:00","serviceType":null,"mainFlight":"VY6290","codeshares":null,"estimatedLandingTime":null,"actualLandingTime":null,"publicEstimatedOffBlockTime":null,"actualOffBlockTime":null,"publicFlightState":null,"route":{"destinations":["FCO"]},"terminal":null,"gate":null,"baggageClaim":null,"expectedTimeOnBelt":null,"checkinAllocations":null,"transferPositions":null,"aircraftType":null,"aircraftRegistration":null,"expectedTimeGateOpen":null,"expectedTimeBoarding":null,"expectedTimeGateClosing":null,"schemaVersion":"1.0"},{"id":91650,"flightName":"VY6290","scheduleDate":"2015-08-31","flightDirection":"A","flightNumber":null,"prefixIATA":"VY","prefixICAO":null,"scheduleTime":"09:45:00","serviceType":null,"mainFlight":"VY6290","codeshares":null,"estimatedLandingTime":null,"actualLandingTime":null,"publicEstimatedOffBlockTime":null,"actualOffBlockTime":null,"publicFlightState":null,"route":{"destinations":["FCO"]},"terminal":null,"gate":null,"baggageClaim":null,"expectedTimeOnBelt":null,"checkinAllocations":null,"transferPositions":null,"aircraftType":null,"aircraftRegistration":null,"expectedTimeGateOpen":null,"expectedTimeBoarding":null,"expectedTimeGateClosing":null,"schemaVersion":"1.0"},{"id":90200,"flightName":"LX725","scheduleDate":"2015-08-18","flightDirection":"D","flightNumber":null,"prefixIATA":"LX","prefixICAO":null,"scheduleTime":"09:55:00","serviceType":null,"mainFlight":"LX725","codeshares":null,"estimatedLandingTime":null,"actualLandingTime":null,"publicEstimatedOffBlockTime":null,"actualOffBlockTime":null,"publicFlightState":null,"route":{"destinations":["ZRH"]},"terminal":null,"gate":null,"baggageClaim":null,"expectedTimeOnBelt":null,"checkinAllocations":null,"transferPositions":null,"aircraftType":null,"aircraftRegistration":null,"expectedTimeGateOpen":null,"expectedTimeBoarding":null,"expectedTimeGateClosing":null,"schemaVersion":"1.0"},{"id":90387,"flightName":"LX725","scheduleDate":"2015-08-19","flightDirection":"D","flightNumber":null,"prefixIATA":"LX","prefixICAO":null,"scheduleTime":"09:55:00","serviceType":null,"mainFlight":"LX725","codeshares":null,"estimatedLandingTime":null,"actualLandingTime":null,"publicEstimatedOffBlockTime":null,"actualOffBlockTime":null,"publicFlightState":null,"route":{"destinations":["ZRH"]},"terminal":null,"gate":null,"baggageClaim":null,"expectedTimeOnBelt":null,"checkinAllocations":null,"transferPositions":null,"aircraftType":null,"aircraftRegistration":null,"expectedTimeGateOpen":null,"expectedTimeBoarding":null,"expectedTimeGateClosing":null,"schemaVersion":"1.0"},{"id":90521,"flightName":"LX725","scheduleDate":"2015-08-20","flightDirection":"D","flightNumber":null,"prefixIATA":"LX","prefixICAO":null,"scheduleTime":"09:55:00","serviceType":null,"mainFlight":"LX725","codeshares":null,"estimatedLandingTime":null,"actualLandingTime":null,"publicEstimatedOffBlockTime":null,"actualOffBlockTime":null,"publicFlightState":null,"route":{"destinations":["ZRH"]},"terminal":null,"gate":null,"baggageClaim":null,"expectedTimeOnBelt":null,"checkinAllocations":null,"transferPositions":null,"aircraftType":null,"aircraftRegistration":null,"expectedTimeGateOpen":null,"expectedTimeBoarding":null,"expectedTimeGateClosing":null,"schemaVersion":"1.0"},{"id":90618,"flightName":"TDR9101","scheduleDate":"2015-08-20","flightDirection":"A","flightNumber":null,"prefixIATA":null,"prefixICAO":"TDR","scheduleTime":"09:55:00","serviceType":null,"mainFlight":"TDR9101","codeshares":null,"estimatedLandingTime":null,"actualLandingTime":null,"publicEstimatedOffBlockTime":null,"actualOffBlockTime":null,"publicFlightState":null,"route":{"destinations":["MST"]},"terminal":null,"gate":null,"baggageClaim":null,"expectedTimeOnBelt":null,"checkinAllocations":null,"transferPositions":null,"aircraftType":null,"aircraftRegistration":null,"expectedTimeGateOpen":null,"expectedTimeBoarding":null,"expectedTimeGateClosing":null,"schemaVersion":"1.0"},{"id":90895,"flightName":"BT617","scheduleDate":"2015-08-25","flightDirection":"A","flightNumber":null,"prefixIATA":"BT","prefixICAO":null,"scheduleTime":"09:55:00","serviceType":null,"mainFlight":"BT617","codeshares":null,"estimatedLandingTime":null,"actualLandingTime":null,"publicEstimatedOffBlockTime":null,"actualOffBlockTime":null,"publicFlightState":null,"route":{"destinations":["RIX"]},"terminal":null,"gate":null,"baggageClaim":null,"expectedTimeOnBelt":null,"checkinAllocations":null,"transferPositions":null,"aircraftType":null,"aircraftRegistration":null,"expectedTimeGateOpen":null,"expectedTimeBoarding":null,"expectedTimeGateClosing":null,"schemaVersion":"1.0"},{"id":90897,"flightName":"BT617","scheduleDate":"2015-08-27","flightDirection":"A","flightNumber":null,"prefixIATA":"BT","prefixICAO":null,"scheduleTime":"09:55:00","serviceType":null,"mainFlight":"BT617","codeshares":null,"estimatedLandingTime":null,"actualLandingTime":null,"publicEstimatedOffBlockTime":null,"actualOffBlockTime":null,"publicFlightState":null,"route":{"destinations":["RIX"]},"terminal":null,"gate":null,"baggageClaim":null,"expectedTimeOnBelt":null,"checkinAllocations":null,"transferPositions":null,"aircraftType":null,"aircraftRegistration":null,"expectedTimeGateOpen":null,"expectedTimeBoarding":null,"expectedTimeGateClosing":null,"schemaVersion":"1.0"},{"id":91225,"flightName":"LX725","scheduleDate":"2015-08-25","flightDirection":"D","flightNumber":null,"prefixIATA":"LX","prefixICAO":null,"scheduleTime":"09:55:00","serviceType":null,"mainFlight":"LX725","codeshares":null,"estimatedLandingTime":null,"actualLandingTime":null,"publicEstimatedOffBlockTime":null,"actualOffBlockTime":null,"publicFlightState":null,"route":{"destinations":["ZRH"]},"terminal":null,"gate":null,"baggageClaim":null,"expectedTimeOnBelt":null,"checkinAllocations":null,"transferPositions":null,"aircraftType":null,"aircraftRegistration":null,"expectedTimeGateOpen":null,"expectedTimeBoarding":null,"expectedTimeGateClosing":null,"schemaVersion":"1.0"},{"id":91227,"flightName":"LX725","scheduleDate":"2015-08-26","flightDirection":"D","flightNumber":null,"prefixIATA":"LX","prefixICAO":null,"scheduleTime":"09:55:00","serviceType":null,"mainFlight":"LX725","codeshares":null,"estimatedLandingTime":null,"actualLandingTime":null,"publicEstimatedOffBlockTime":null,"actualOffBlockTime":null,"publicFlightState":null,"route":{"destinations":["ZRH"]},"terminal":null,"gate":null,"baggageClaim":null,"expectedTimeOnBelt":null,"checkinAllocations":null,"transferPositions":null,"aircraftType":null,"aircraftRegistration":null,"expectedTimeGateOpen":null,"expectedTimeBoarding":null,"expectedTimeGateClosing":null,"schemaVersion":"1.0"},{"id":91229,"flightName":"LX725","scheduleDate":"2015-08-27","flightDirection":"D","flightNumber":null,"prefixIATA":"LX","prefixICAO":null,"scheduleTime":"09:55:00","serviceType":null,"mainFlight":"LX725","codeshares":null,"estimatedLandingTime":null,"actualLandingTime":null,"publicEstimatedOffBlockTime":null,"actualOffBlockTime":null,"publicFlightState":null,"route":{"destinations":["ZRH"]},"terminal":null,"gate":null,"baggageClaim":null,"expectedTimeOnBelt":null,"checkinAllocations":null,"transferPositions":null,"aircraftType":null,"aircraftRegistration":null,"expectedTimeGateOpen":null,"expectedTimeBoarding":null,"expectedTimeGateClosing":null,"schemaVersion":"1.0"}],"schemaVersion":"1.0"}
