{"flights":[{"id":64674,"flightName":"DL9296","scheduleDate":"2015-04-01","flightDirection":"D","flightNumber":null,"prefixIATA":"DL","prefixICAO":null,"scheduleTime":"10:30:00","serviceType":null,"mainFlight":"KL1423","codeshares":{"codeshares":["CZ7638","DL9296","EY7365","PS9423","SU4369"]},"estimatedLandingTime":null,"actualLandingTime":null,"publicEstimatedOffBlockTime":null,"actualOffBlockTime":null,"publicFlightState":null,"route":{"destinations":["BHX"]},"terminal":null,"gate":null,"baggageClaim":null,"expectedTimeOnBelt":null,"checkinAllocations":null,"transferPositions":null,"aircraftType":null,"aircraftRegistration":null,"expectedTimeGateOpen":null,"expectedTimeBoarding":null,"expectedTimeGateClosing":null,"schemaVersion":"1.0"},{"id":64674,"flightName":"EY7365","scheduleDate":"2015-04-01","flightDirection":"D","flightNumber":null,"prefixIATA":"EY","prefixICAO":null,"scheduleTime":"10:30:00","serviceType":null,"mainFlight":"KL1423","codeshares":{"codeshares":["CZ7638","DL9296","EY7365","PS9423","SU4369"]},"estimatedLandingTime":null,"actualLandingTime":null,"publicEstimatedOffBlockTime":null,"actualOffBlockTime":null,"publicFlightState":null,"route":{"destinations":["BHX"]},"terminal":null,"gate":null,"baggageClaim":null,"expectedTimeOnBelt":null,"checkinAllocations":null,"transferPositions":null,"aircraftType":null,"aircraftRegistration":null,"expectedTimeGateOpen":null,"expectedTimeBoarding":null,"expectedTimeGateClosing":null,"schemaVersion":"1.0"},{"id":64674,"flightName":"PS9423","scheduleDate":"2015-04-01","flightDirection":"D","flightNumber":null,"prefixIATA":"PS","prefixICAO":null,"scheduleTime":"10:30:00","serviceType":null,"mainFlight":"KL1423","codeshares":{"codeshares":["CZ7638","DL9296","EY7365","PS9423","SU4369"]},"estimatedLandingTime":null,"actualLandingTime":null,"publicEstimatedOffBlockTime":null,"actualOffBlockTime":null,"publicFlightState":null,"route":{"destinations":["BHX"]},"terminal":null,"gate":null,"baggageClaim":null,"expectedTimeOnBelt":null,"checkinAllocations":null,"transferPositions":null,"aircraftType":null,"aircraftRegistration":null,"expectedTimeGateOpen":null,"expectedTimeBoarding":null,"expectedTimeGateClosing":null,"schemaVersion":"1.0"},{"id":64674,"flightName":"SU4369","scheduleDate":"2015-04-01","flightDirection":"D","flightNumber":null,"prefixIATA":"SU","prefixICAO":null,"scheduleTime":"10:30:00","serviceType":null,"mainFlight":"KL1423","codeshares":{"codeshares":["CZ7638","DL9296","EY7365","PS9423","SU4369"]},"estimatedLandingTime":null,"actualLandingTime":null,"publicEstimatedOffBlockTime":null,"actualOffBlockTime":null,"publicFlightState":null,"route":{"destinations":["BHX"]},"terminal":null,"gate":null,"baggageClaim":null,"expectedTimeOnBelt":null,"checkinAllocations":null,"transferPositions":null,"aircraftType":null,"aircraftRegistration":null,"expectedTimeGateOpen":null,"expectedTimeBoarding":null,"expectedTimeGateClosing":null,"schemaVersion":"1.0"},{"id":65123,"flightName":"KL1623","scheduleDate":"2015-04-01","flightDirection":"D","flightNumber":null,"prefixIATA":"KL","prefixICAO":null,"scheduleTime":"10:30:00","serviceType":null,"mainFlight":"KL1623","codeshares":{"codeshares":["AZ7731","DL9494"]},"estimatedLandingTime":null,"actualLandingTime":null,"publicEstimatedOffBlockTime":null,"actualOffBlockTime":null,"publicFlightState":null,"route":{"destinations":["LIN"]},"terminal":null,"gate":null,"baggageClaim":null,"expectedTimeOnBelt":null,"checkinAllocations":null,"transferPositions":null,"aircraftType":null,"aircraftRegistration":null,"expectedTimeGateOpen":null,"expectedTimeBoarding":null,"expectedTimeGateClosing":null,"schemaVersion":"1.0"},{"id":65123,"flightName":"AZ7731","scheduleDate":"2015-04-01","flightDirection":"D","flightNumber":null,"prefixIATA":"AZ","prefixICAO":null,"scheduleTime":"10:30:00","serviceType":null,"mainFlight":"KL1623","codeshares":{"codeshares":["AZ7731","DL9494"]},"estimatedLandingTime":null,"actualLandingTime":null,"publicEstimatedOffBlockTime":null,"actualOffBlockTime":null,"publicFlightState":null,"route":{"destinations":["LIN"]},"terminal":null,"gate":null,"baggageClaim":null,"expectedTimeOnBelt":null,"checkinAllocations":null,"transferPositions":null,"aircraftType":null,"aircraftRegistration":null,"expectedTimeGateOpen":null,"expectedTimeBoarding":null,"expectedTimeGateClosing":null,"schemaVersion":"1.0"},{"id":65123,"flightName":"DL9494","scheduleDate":"2015-04-01","flightDirection":"D","flightNumber":null,"prefixIATA":"DL","prefixICAO":null,"scheduleTime":"10:30:00","serviceType":null,"mainFlight":"KL1623","codeshares":{"codeshares":["AZ7731","DL9494"]},"estimatedLandingTime":null,"actualLandingTime":null,"publicEstimatedOffBlockTime":null,"actualOffBlockTime":null,"publicFlightState":null,"route":{"destinations":["LIN"]},"terminal":null,"gate":null,"baggageClaim":null,"expectedTimeOnBelt":null,"checkinAllocations":null,"transferPositions":null,"aircraftType":null,"aircraftRegistration":null,"expectedTimeGateOpen":null,"expectedTimeBoarding":null,"expectedTimeGateClosing":null,"schemaVersion":"1.0"},{"id":66449,"flightName":"OHY2094","scheduleDate":"2015-04-08","flightDirection":"D","flightNumber":null,"prefixIATA":null,"prefixICAO":"OHY","scheduleTime":"10:30:00","serviceType":null,"mainFlight":"OHY2094","codeshares":null,"estimatedLandingTime":null,"actualLandingTime":null,"publicEstimatedOffBlockTime":null,"actualOffBlockTime":null,"publicFlightState":null,"route":{"destinations":["ADB"]},"terminal":null,"gate":null,"baggageClaim":null,"expectedTimeOnBelt":null,"checkinAllocations":null,"transferPositions":null,"aircraftType":null,"aircraftRegistration":null,"expectedTimeGateOpen":null,"expectedTimeBoarding":null,"expectedTimeGateClosing":null,"schemaVersion":"1.0"},{"id":66459,"flightName":"OU450","scheduleDate":"2015-04-08","flightDirection":"A","flightNumber":null,"prefixIATA":"OU","prefixICAO":null,"scheduleTime":"10:30:00","serviceType":null,"mainFlight":"OU450","codeshares":{"codeshares":["SK9314"]},"estimatedLandingTime":null,"actualLandingTime":null,"publicEstimatedOffBlockTime":null,"actualOffBlockTime":null,"publicFlightState":null,"route":{"destinations":["ZAG"]},"terminal":null,"gate":null,"baggageClaim":null,"expectedTimeOnBelt":null,"checkinAllocations":null,"transferPositions":null,"aircraftType":null,"aircraftRegistration":null,"expectedTimeGateOpen":null,"expectedTimeBoarding":null,"expectedTimeGateClosing":null,"schemaVersion":"1.0"},{"id":66459,"flightName":"SK9314","scheduleDate":"2015-04-08","flightDirection":"A","flightNumber":null,"prefixIATA":"SK","prefixICAO":null,"scheduleTime":"10:30:00","serviceType":null,"mainFlight":"OU450","codeshares":{"codeshares":["SK9314"]},"estimatedLandingTime":null,"actualLandingTime":null,"publicEstimatedOffBlockTime":null,"actualOffBlockTime":null,"publicFlightState":null,"route":{"destinations":["ZAG"]},"terminal":null,"gate":null,"baggageClaim":null,"expectedTimeOnBelt":null,"checkinAllocations":null,"transferPositions":null,"aircraftType":null,"aircraftRegistration":null,"expectedTimeGateOpen":null,"expectedTimeBoarding":null,"expectedTimeGateClosing":null,"schemaVersion":"1.0"},{"id":67099,"flightName":"KL0723","scheduleDate":"2015-04-08","flightDirection":"D","flightNumber":null,"prefixIATA":"KL","prefixICAO":null,"scheduleTime":"10:30:00","serviceType":null,"mainFlight":"KL0723","codeshares":null,"estimatedLandingTime":null,"actualLandingTime":null,"publicEstimatedOffBlockTime":null,"actualOffBlockTime":null,"publicFlightState":null,"route":{"destinations":["HAV"]},"terminal":null,"gate":null,"baggageClaim":null,"expectedTimeOnBelt":null,"checkinAllocations":null,"transferPositions":null,"aircraftType":null,"aircraftRegistration":null,"expectedTimeGateOpen":null,"expectedTimeBoarding":null,"expectedTimeGateClosing":null,"schemaVersion":"1.0"},{"id":68032,"flightName":"KL1423","scheduleDate":"2015-04-08","flightDirection":"D","flightNumber":null,"prefixIATA":"KL","prefixICAO":null,"scheduleTime":"10:30:00","serviceType":null,"mainFlight":"KL1423","codeshares":{"codeshares":["CZ7638","DL9296","EY7365","PS9423","SU4369"]},"estimatedLandingTime":null,"actualLandingTime":null,"publicEstimatedOffBlockTime":null,"actualOffBlockTime":null,"publicFlightState":null,"route":{"destinations":["BHX"]},"terminal":null,"gate":null,"baggageClaim":null,"expectedTimeOnBelt":null,"checkinAllocations":null,"transferPositions":null,"aircraftType":null,"aircraftRegistration":null,"expectedTimeGateOpen":null,"expectedTimeBoarding":null,"expectedTimeGateClosing":null,"schemaVersion":"1.0"},{"id":68032,"flightName":"CZ7638","scheduleDate":"2015-04-08","flightDirection":"D","flightNumber":null,"prefixIATA":"CZ","prefixICAO":null,"scheduleTime":"10:30:00","serviceType":null,"mainFlight":"KL1423","codeshares":{"codeshares":["CZ7638","DL9296","EY7365","PS9423","SU4369"]},"estimatedLandingTime":null,"actualLandingTime":null,"publicEstimatedOffBlockTime":null,"actualOffBlockTime":null,"publicFlightState":null,"route":{"destinations":["BHX"]},"terminal":null,"gate":null,"baggageClaim":null,"expectedTimeOnBelt":null,"checkinAllocations":null,"transferPositions":null,"aircraftType":null,"aircraftRegistration":null,"expectedTimeGateOpen":null,"expectedTimeBoarding":null,"expectedTimeGateClosing":null,"schemaVersion":"1.0"},{"id":68032,"flightName":"DL9296","scheduleDate":"2015-04-08","flightDirection":"D","flightNumber":null,"prefixIATA":"DL","prefixICAO":null,"scheduleTime":"10:30:00","serviceType":null,"mainFlight":"KL1423","codeshares":{"codeshares":["CZ7638","DL9296","EY7365","PS9423","SU4369"]},"estimatedLandingTime":null,"actualLandingTime":null,"publicEstimatedOffBlockTime":null,"actualOffBlockTime":null,"publicFlightState":null,"route":{"destinations":["BHX"]},"terminal":null,"gate":null,"baggageClaim":null,"expectedTimeOnBelt":null,"checkinAllocations":null,"transferPositions":null,"aircraftType":null,"aircraftRegistration":null,"expectedTimeGateOpen":null,"expectedTimeBoarding":null,"expectedTimeGateClosing":null,"schemaVersion":"1.0"},{"id":68032,"flightName":"EY7365","scheduleDate":"2015-04-08","flightDirection":"D","flightNumber":null,"prefixIATA":"EY","prefixICAO":null,"scheduleTime":"10:30:00","serviceType":null,"mainFlight":"KL1423","codeshares":{"codeshares":["CZ7638","DL9296","EY7365","PS9423","SU4369"]},"estimatedLandingTime":null,"actualLandingTime":null,"publicEstimatedOffBlockTime":null,"actualOffBlockTime":null,"publicFlightState":null,"route":{"destinations":["BHX"]},"terminal":null,"gate":null,"baggageClaim":null,"expectedTimeOnBelt":null,"checkinAllocations":null,"transferPositions":null,"aircraftType":null,"aircraftRegistration":null,"expectedTimeGateOpen":null,"expectedTimeBoarding":null,"expectedTimeGateClosing":null,"schemaVersion":"1.0"},{"id":68032,"flightName":"PS9423","scheduleDate":"2015-04-08","flightDirection":"D","flightNumber":null,"prefixIATA":"PS","prefixICAO":null,"scheduleTime":"10:30:00","serviceType":null,"mainFlight":"KL1423","codeshares":{"codeshares":["CZ7638","DL9296","EY7365","PS9423","SU4369"]},"estimatedLandingTime":null,"actualLandingTime":null,"publicEstimatedOffBlockTime":null,"actualOffBlockTime":null,"publicFlightState":null,"route":{"destinations":["BHX"]},"terminal":null,"gate":null,"baggageClaim":null,"expectedTimeOnBelt":null,"checkinAllocations":null,"transferPositions":null,"aircraftType":null,"aircraftRegistration":null,"expectedTimeGateOpen":null,"expectedTimeBoarding":null,"expectedTimeGateClosing":null,"schemaVersion":"1.0"},{"id":68032,"flightName":"SU4369","scheduleDate":"2015-04-08","flightDirection":"D","flightNumber":null,"prefixIATA":"SU","prefixICAO":null,"scheduleTime":"10:30:00","serviceType":null,"mainFlight":"KL1423","codeshares":{"codeshares":["CZ7638","DL9296","EY7365","PS9423","SU4369"]},"estimatedLandingTime":null,"actualLandingTime":null,"publicEstimatedOffBlockTime":null,"actualOffBlockTime":null,"publicFlightState":null,"route":{"destinations":["BHX"]},"terminal":null,"gate":null,"baggageClaim":null,"expectedTimeOnBelt":null,"checkinAllocations":null,"transferPositions":null,"aircraftType":null,"aircraftRegistration":null,"expectedTimeGateOpen":null,"expectedTimeBoarding":null,"expectedTimeGateClosing":null,"schemaVersion":"1.0"},{"id":68486,"flightName":"KL1623","scheduleDate":"2015-04-08","flightDirection":"D","flightNumber":null,"prefixIATA":"KL","prefixICAO":null,"scheduleTime":"10:30:00","serviceType":null,"mainFlight":"KL1623","codeshares":{"codeshares":["AZ7731","DL9494"]},"estimatedLandingTime":null,"actualLandingTime":null,"publicEstimatedOffBlockTime":null,"actualOffBlockTime":null,"publicFlightState":null,"route":{"destinations":["LIN"]},"terminal":null,"gate":null,"baggageClaim":null,"expectedTimeOnBelt":null,"checkinAllocations":null,"transferPositions":null,"aircraftType":null,"aircraftRegistration":null,"expectedTimeGateOpen":null,"expectedTimeBoarding":null,"expectedTimeGateClosing":null,"schemaVersion":"1.0"},{"id":68486,"flightName":"AZ7731","scheduleDate":"2015-04-08","flightDirection":"D","flightNumber":null,"prefixIATA":"AZ","prefixICAO":null,"scheduleTime":"10:30:00","serviceType":null,"mainFlight":"KL1623","codeshares":{"codeshares":["AZ7731","DL9494"]},"estimatedLandingTime":null,"actualLandingTime":null,"publicEstimatedOffBlockTime":null,"actualOffBlockTime":null,"publicFlightState":null,"route":{"destinations":["LIN"]},"terminal":null,"gate":null,"baggageClaim":null,"expectedTimeOnBelt":null,"checkinAllocations":null,"transferPositions":null,"aircraftType":null,"aircraftRegistration":null,"expectedTimeGateOpen":null,"expectedTimeBoarding":null,"expectedTimeGateClosing":null,"schemaVersion":"1.0"},{"id":68486,"flightName":"DL9494","scheduleDate":"2015-04-08","flightDirection":"D","flightNumber":null,"prefixIATA":"DL","prefixICAO":null,"scheduleTime":"10:30:00","serviceType":null,"mainFlight":"KL1623","codeshares":{"codeshares":["AZ7731","DL9494"]},"estimatedLandingTime":null,"actualLandingTime":null,"publicEstimatedOffBlockTime":null,"actualOffBlockTime":null,"publicFlightState":null,"route":{"destinations":["LIN"]},"terminal":null,"gate":null,"baggageClaim":null,"expectedTimeOnBelt":null,"checkinAllocations":null,"transferPositions":null,"aircraftType":null,"aircraftRegistration":null,"expectedTimeGateOpen":null,"expectedTimeBoarding":null,"expectedTimeGateClosing":null,"schemaVersion":"1.0"}],"schemaVersion":"1.0"}
