{"flights":[{"id":91339,"flightName":"OS374","scheduleDate":"2015-08-30","flightDirection":"D","flightNumber":null,"prefixIATA":"OS","prefixICAO":null,"scheduleTime":"17:40:00","serviceType":null,"mainFlight":"OS374","codeshares":null,"estimatedLandingTime":null,"actualLandingTime":null,"publicEstimatedOffBlockTime":null,"actualOffBlockTime":null,"publicFlightState":null,"route":{"destinations":["VIE"]},"terminal":null,"gate":null,"baggageClaim":null,"expectedTimeOnBelt":null,"checkinAllocations":null,"transferPositions":null,"aircraftType":null,"aircraftRegistration":null,"expectedTimeGateOpen":null,"expectedTimeBoarding":null,"expectedTimeGateClosing":null,"schemaVersion":"1.0"},{"id":91341,"flightName":"OS374","scheduleDate":"2015-08-31","flightDirection":"D","flightNumber":null,"prefixIATA":"OS","prefixICAO":null,"scheduleTime":"17:40:00","serviceType":null,"mainFlight":"OS374","codeshares":null,"estimatedLandingTime":null,"actualLandingTime":null,"publicEstimatedOffBlockTime":null,"actualOffBlockTime":null,"publicFlightState":null,"route":{"destinations":["VIE"]},"terminal":null,"gate":null,"baggageClaim":null,"expectedTimeOnBelt":null,"checkinAllocations":null,"transferPositions":null,"aircraftType":null,"aircraftRegistration":null,"expectedTimeGateOpen":null,"expectedTimeBoarding":null,"expectedTimeGateClosing":null,"schemaVersion":"1.0"},{"id":91622,"flightName":"VY2901","scheduleDate":"2015-08-29","flightDirection":"A","flightNumber":null,"prefixIATA":"VY","prefixICAO":null,"scheduleTime":"17:45:00","serviceType":null,"mainFlight":"VY2901","codeshares":null,"estimatedLandingTime":null,"actualLandingTime":null,"publicEstimatedOffBlockTime":null,"actualOffBlockTime":null,"publicFlightState":null,"route":{"destinations":["PMI"]},"terminal":null,"gate":null,"baggageClaim":null,"expectedTimeOnBelt":null,"checkinAllocations":null,"transferPositions":null,"aircraftType":null,"aircraftRegistration":null,"expectedTimeGateOpen":null,"expectedTimeBoarding":null,"expectedTimeGateClosing":null,"schemaVersion":"1.0"},{"id":91705,"flightName":"VY8322","scheduleDate":"2015-08-30","flightDirection":"A","flightNumber":null,"prefixIATA":"VY","prefixICAO":null,"scheduleTime":"17:45:00","serviceType":null,"mainFlight":"VY8322","codeshares":null,"estimatedLandingTime":null,"actualLandingTime":null,"publicEstimatedOffBlockTime":null,"actualOffBlockTime":null,"publicFlightState":null,"route":{"destinations":["BCN"]},"terminal":null,"gate":null,"baggageClaim":null,"expectedTimeOnBelt":null,"checkinAllocations":null,"transferPositions":null,"aircraftType":null,"aircraftRegistration":null,"expectedTimeGateOpen":null,"expectedTimeBoarding":null,"expectedTimeGateClosing":null,"schemaVersion":"1.0"},{"id":91709,"flightName":"VY8322","scheduleDate":"2015-08-27","flightDirection":"A","flightNumber":null,"prefixIATA":"VY","prefixICAO":null,"scheduleTime":"17:45:00","serviceType":null,"mainFlight":"VY8322","codeshares":null,"estimatedLandingTime":null,"actualLandingTime":null,"publicEstimatedOffBlockTime":null,"actualOffBlockTime":null,"publicFlightState":null,"route":{"destinations":["BCN"]},"terminal":null,"gate":null,"baggageClaim":null,"expectedTimeOnBelt":null,"checkinAllocations":null,"transferPositions":null,"aircraftType":null,"aircraftRegistration":null,"expectedTimeGateOpen":null,"expectedTimeBoarding":null,"expectedTimeGateClosing":null,"schemaVersion":"1.0"},{"id":91711,"flightName":"VY8322","scheduleDate":"2015-08-26","flightDirection":"A","flightNumber":null,"prefixIATA":"VY","prefixICAO":null,"scheduleTime":"17:45:00","serviceType":null,"mainFlight":"VY8322","codeshares":null,"estimatedLandingTime":null,"actualLandingTime":null,"publicEstimatedOffBlockTime":null,"actualOffBlockTime":null,"publicFlightState":null,"route":{"destinations":["BCN"]},"terminal":null,"gate":null,"baggageClaim":null,"expectedTimeOnBelt":null,"checkinAllocations":null,"transferPositions":null,"aircraftType":null,"aircraftRegistration":null,"expectedTimeGateOpen":null,"expectedTimeBoarding":null,"expectedTimeGateClosing":null,"schemaVersion":"1.0"},{"id":91713,"flightName":"VY8322","scheduleDate":"2015-08-25","flightDirection":"A","flightNumber":null,"prefixIATA":"VY","prefixICAO":null,"scheduleTime":"17:45:00","serviceType":null,"mainFlight":"VY8322","codeshares":null,"estimatedLandingTime":null,"actualLandingTime":null,"publicEstimatedOffBlockTime":null,"actualOffBlockTime":null,"publicFlightState":null,"route":{"destinations":["BCN"]},"terminal":null,"gate":null,"baggageClaim":null,"expectedTimeOnBelt":null,"checkinAllocations":null,"transferPositions":null,"aircraftType":null,"aircraftRegistration":null,"expectedTimeGateOpen":null,"expectedTimeBoarding":null,"expectedTimeGateClosing":null,"schemaVersion":"1.0"},{"id":91715,"flightName":"VY8322","scheduleDate":"2015-08-31","flightDirection":"A","flightNumber":null,"prefixIATA":"VY","prefixICAO":null,"scheduleTime":"17:45:00","serviceType":null,"mainFlight":"VY8322","codeshares":null,"estimatedLandingTime":null,"actualLandingTime":null,"publicEstimatedOffBlockTime":null,"actualOffBlockTime":null,"publicFlightState":null,"route":{"destinations":["BCN"]},"terminal":null,"gate":null,"baggageClaim":null,"expectedTimeOnBelt":null,"checkinAllocations":null,"transferPositions":null,"aircraftType":null,"aircraftRegistration":null,"expectedTimeGateOpen":null,"expectedTimeBoarding":null,"expectedTimeGateClosing":null,"schemaVersion":"1.0"},{"id":90282,"flightName":"TP661","scheduleDate":"2015-08-18","flightDirection":"D","flightNumber":null,"prefixIATA":"TP","prefixICAO":null,"scheduleTime":"17:50:00","serviceType":null,"mainFlight":"TP661","codeshares":null,"estimatedLandingTime":null,"actualLandingTime":null,"publicEstimatedOffBlockTime":null,"actualOffBlockTime":null,"publicFlightState":null,"route":{"destinations":["LIS"]},"terminal":null,"gate":null,"baggageClaim":null,"expectedTimeOnBelt":null,"checkinAllocations":null,"transferPositions":null,"aircraftType":null,"aircraftRegistration":null,"expectedTimeGateOpen":null,"expectedTimeBoarding":null,"expectedTimeGateClosing":null,"schemaVersion":"1.0"},{"id":90458,"flightName":"TP661","scheduleDate":"2015-08-20","flightDirection":"D","flightNumber":null,"prefixIATA":"TP","prefixICAO":null,"scheduleTime":"17:50:00","serviceType":null,"mainFlight":"TP661","codeshares":null,"estimatedLandingTime":null,"actualLandingTime":null,"publicEstimatedOffBlockTime":null,"actualOffBlockTime":null,"publicFlightState":null,"route":{"destinations":["LIS"]},"terminal":null,"gate":null,"baggageClaim":null,"expectedTimeOnBelt":null,"checkinAllocations":null,"transferPositions":null,"aircraftType":null,"aircraftRegistration":null,"expectedTimeGateOpen":null,"expectedTimeBoarding":null,"expectedTimeGateClosing":null,"schemaVersion":"1.0"},{"id":90495,"flightName":"TP661","scheduleDate":"2015-08-19","flightDirection":"D","flightNumber":null,"prefixIATA":"TP","prefixICAO":null,"scheduleTime":"17:50:00","serviceType":null,"mainFlight":"TP661","codeshares":null,"estimatedLandingTime":null,"actualLandingTime":null,"publicEstimatedOffBlockTime":null,"actualOffBlockTime":null,"publicFlightState":null,"route":{"destinations":["LIS"]},"terminal":null,"gate":null,"baggageClaim":null,"expectedTimeOnBelt":null,"checkinAllocations":null,"transferPositions":null,"aircraftType":null,"aircraftRegistration":null,"expectedTimeGateOpen":null,"expectedTimeBoarding":null,"expectedTimeGateClosing":null,"schemaVersion":"1.0"},{"id":90683,"flightName":"A3482","scheduleDate":"2015-08-29","flightDirection":"A","flightNumber":null,"prefixIATA":"A3","prefixICAO":null,"scheduleTime":"17:50:00","serviceType":null,"mainFlight":"A3482","codeshares":null,"estimatedLandingTime":null,"actualLandingTime":null,"publicEstimatedOffBlockTime":null,"actualOffBlockTime":null,"publicFlightState":null,"route":{"destinations":["RHO"]},"terminal":null,"gate":null,"baggageClaim":null,"expectedTimeOnBelt":null,"checkinAllocations":null,"transferPositions":null,"aircraftType":null,"aircraftRegistration":null,"expectedTimeGateOpen":null,"expectedTimeBoarding":null,"expectedTimeGateClosing":null,"schemaVersion":"1.0"},{"id":91543,"flightName":"TP661","scheduleDate":"2015-08-25","flightDirection":"D","flightNumber":null,"prefixIATA":"TP","prefixICAO":null,"scheduleTime":"17:50:00","serviceType":null,"mainFlight":"TP661","codeshares":null,"estimatedLandingTime":null,"actualLandingTime":null,"publicEstimatedOffBlockTime":null,"actualOffBlockTime":null,"publicFlightState":null,"route":{"destinations":["LIS"]},"terminal":null,"gate":null,"baggageClaim":null,"expectedTimeOnBelt":null,"checkinAllocations":null,"transferPositions":null,"aircraftType":null,"aircraftRegistration":null,"expectedTimeGateOpen":null,"expectedTimeBoarding":null,"expectedTimeGateClosing":null,"schemaVersion":"1.0"},{"id":91545,"flightName":"TP661","scheduleDate":"2015-08-26","flightDirection":"D","flightNumber":null,"prefixIATA":"TP","prefixICAO":null,"scheduleTime":"17:50:00","serviceType":null,"mainFlight":"TP661","codeshares":null,"estimatedLandingTime":null,"actualLandingTime":null,"publicEstimatedOffBlockTime":null,"actualOffBlockTime":null,"publicFlightState":null,"route":{"destinations":["LIS"]},"terminal":null,"gate":null,"baggageClaim":null,"expectedTimeOnBelt":null,"checkinAllocations":null,"transferPositions":null,"aircraftType":null,"aircraftRegistration":null,"expectedTimeGateOpen":null,"expectedTimeBoarding":null,"expectedTimeGateClosing":null,"schemaVersion":"1.0"},{"id":91547,"flightName":"TP661","scheduleDate":"2015-08-27","flightDirection":"D","flightNumber":null,"prefixIATA":"TP","prefixICAO":null,"scheduleTime":"17:50:00","serviceType":null,"mainFlight":"TP661","codeshares":null,"estimatedLandingTime":null,"actualLandingTime":null,"publicEstimatedOffBlockTime":null,"actualOffBlockTime":null,"publicFlightState":null,"route":{"destinations":["LIS"]},"terminal":null,"gate":null,"baggageClaim":null,"expectedTimeOnBelt":null,"checkinAllocations":null,"transferPositions":null,"aircraftType":null,"aircraftRegistration":null,"expectedTimeGateOpen":null,"expectedTimeBoarding":null,"expectedTimeGateClosing":null,"schemaVersion":"1.0"},{"id":91549,"flightName":"TP661","scheduleDate":"2015-08-28","flightDirection":"D","flightNumber":null,"prefixIATA":"TP","prefixICAO":null,"scheduleTime":"17:50:00","serviceType":null,"mainFlight":"TP661","codeshares":null,"estimatedLandingTime":null,"actualLandingTime":null,"publicEstimatedOffBlockTime":null,"actualOffBlockTime":null,"publicFlightState":null,"route":{"destinations":["LIS"]},"terminal":null,"gate":null,"baggageClaim":null,"expectedTimeOnBelt":null,"checkinAllocations":null,"transferPositions":null,"aircraftType":null,"aircraftRegistration":null,"expectedTimeGateOpen":null,"expectedTimeBoarding":null,"expectedTimeGateClosing":null,"schemaVersion":"1.0"},{"id":91551,"flightName":"TP661","scheduleDate":"2015-08-29","flightDirection":"D","flightNumber":null,"prefixIATA":"TP","prefixICAO":null,"scheduleTime":"17:50:00","serviceType":null,"mainFlight":"TP661","codeshares":null,"estimatedLandingTime":null,"actualLandingTime":null,"publicEstimatedOffBlockTime":null,"actualOffBlockTime":null,"publicFlightState":null,"route":{"destinations":["LIS"]},"terminal":null,"gate":null,"baggageClaim":null,"expectedTimeOnBelt":null,"checkinAllocations":null,"transferPositions":null,"aircraftType":null,"aircraftRegistration":null,"expectedTimeGateOpen":null,"expectedTimeBoarding":null,"expectedTimeGateClosing":null,"schemaVersion":"1.0"},{"id":91553,"flightName":"TP661","scheduleDate":"2015-08-30","flightDirection":"D","flightNumber":null,"prefixIATA":"TP","prefixICAO":null,"scheduleTime":"17:50:00","serviceType":null,"mainFlight":"TP661","codeshares":null,"estimatedLandingTime":null,"actualLandingTime":null,"publicEstimatedOffBlockTime":null,"actualOffBlockTime":null,"publicFlightState":null,"route":{"destinations":["LIS"]},"terminal":null,"gate":null,"baggageClaim":null,"expectedTimeOnBelt":null,"checkinAllocations":null,"transferPositions":null,"aircraftType":null,"aircraftRegistration":null,"expectedTimeGateOpen":null,"expectedTimeBoarding":null,"expectedTimeGateClosing":null,"schemaVersion":"1.0"},{"id":91555,"flightName":"TP661","scheduleDate":"2015-08-31","flightDirection":"D","flightNumber":null,"prefixIATA":"TP","prefixICAO":null,"scheduleTime":"17:50:00","serviceType":null,"mainFlight":"TP661","codeshares":null,"estimatedLandingTime":null,"actualLandingTime":null,"publicEstimatedOffBlockTime":null,"actualOffBlockTime":null,"publicFlightState":null,"route":{"destinations":["LIS"]},"terminal":null,"gate":null,"baggageClaim":null,"expectedTimeOnBelt":null,"checkinAllocations":null,"transferPositions":null,"aircraftType":null,"aircraftRegistration":null,"expectedTimeGateOpen":null,"expectedTimeBoarding":null,"expectedTimeGateClosing":null,"schemaVersion":"1.0"},{"id":91707,"flightName":"VY8322","scheduleDate":"2015-08-28","flightDirection":"A","flightNumber":null,"prefixIATA":"VY","prefixICAO":null,"scheduleTime":"17:50:00","serviceType":null,"mainFlight":"VY8322","codeshares":null,"estimatedLandingTime":null,"actualLandingTime":null,"publicEstimatedOffBlockTime":null,"actualOffBlockTime":null,"publicFlightState":null,"route":{"destinations":["BCN"]},"terminal":null,"gate":null,"baggageClaim":null,"expectedTimeOnBelt":null,"checkinAllocations":null,"transferPositions":null,"aircraftType":null,"aircraftRegistration":null,"expectedTimeGateOpen":null,"expectedTimeBoarding":null,"expectedTimeGateClosing":null,"schemaVersion":"1.0"}],"schemaVersion":"1.0"}
