{"flights":[{"id":23950,"flightName":"DL9489","scheduleDate":"2015-02-16","flightDirection":"D","flightNumber":null,"prefixIATA":"DL","prefixICAO":null,"scheduleTime":"10:20:00","serviceType":null,"mainFlight":"KL0437","codeshares":{"codeshares":["AF8280","DL9355","DL9489","EY7307"]},"estimatedLandingTime":null,"actualLandingTime":null,"publicEstimatedOffBlockTime":null,"actualOffBlockTime":null,"publicFlightState":null,"route":{"destinations":["AUH","BAH"]},"terminal":null,"gate":null,"baggageClaim":null,"expectedTimeOnBelt":null,"checkinAllocations":null,"transferPositions":null,"aircraftType":null,"aircraftRegistration":null,"expectedTimeGateOpen":null,"expectedTimeBoarding":null,"expectedTimeGateClosing":null,"schemaVersion":"1.0"},{"id":23950,"flightName":"EY7307","scheduleDate":"2015-02-16","flightDirection":"D","flightNumber":null,"prefixIATA":"EY","prefixICAO":null,"scheduleTime":"10:20:00","serviceType":null,"mainFlight":"KL0437","codeshares":{"codeshares":["AF8280","DL9355","DL9489","EY7307"]},"estimatedLandingTime":null,"actualLandingTime":null,"publicEstimatedOffBlockTime":null,"actualOffBlockTime":null,"publicFlightState":null,"route":{"destinations":["AUH","BAH"]},"terminal":null,"gate":null,"baggageClaim":null,"expectedTimeOnBelt":null,"checkinAllocations":null,"transferPositions":null,"aircraftType":null,"aircraftRegistration":null,"expectedTimeGateOpen":null,"expectedTimeBoarding":null,"expectedTimeGateClosing":null,"schemaVersion":"1.0"},{"id":23959,"flightName":"KL0565","scheduleDate":"2015-02-16","flightDirection":"D","flightNumber":null,"prefixIATA":"KL","prefixICAO":null,"scheduleTime":"10:20:00","serviceType":null,"mainFlight":"KL0565","codeshares":{"codeshares":["AZ3741","DL9585","KQ1565"]},"estimatedLandingTime":null,"actualLandingTime":null,"publicEstimatedOffBlockTime":null,"actualOffBlockTime":null,"publicFlightState":null,"route":{"destinations":["NBO"]},"terminal":null,"gate":null,"baggageClaim":null,"expectedTimeOnBelt":null,"checkinAllocations":null,"transferPositions":null,"aircraftType":null,"aircraftRegistration":null,"expectedTimeGateOpen":null,"expectedTimeBoarding":null,"expectedTimeGateClosing":null,"schemaVersion":"1.0"},{"id":23959,"flightName":"AZ3741","scheduleDate":"2015-02-16","flightDirection":"D","flightNumber":null,"prefixIATA":"AZ","prefixICAO":null,"scheduleTime":"10:20:00","serviceType":null,"mainFlight":"KL0565","codeshares":{"codeshares":["AZ3741","DL9585","KQ1565"]},"estimatedLandingTime":null,"actualLandingTime":null,"publicEstimatedOffBlockTime":null,"actualOffBlockTime":null,"publicFlightState":null,"route":{"destinations":["NBO"]},"terminal":null,"gate":null,"baggageClaim":null,"expectedTimeOnBelt":null,"checkinAllocations":null,"transferPositions":null,"aircraftType":null,"aircraftRegistration":null,"expectedTimeGateOpen":null,"expectedTimeBoarding":null,"expectedTimeGateClosing":null,"schemaVersion":"1.0"},{"id":23959,"flightName":"DL9585","scheduleDate":"2015-02-16","flightDirection":"D","flightNumber":null,"prefixIATA":"DL","prefixICAO":null,"scheduleTime":"10:20:00","serviceType":null,"mainFlight":"KL0565","codeshares":{"codeshares":["AZ3741","DL9585","KQ1565"]},"estimatedLandingTime":null,"actualLandingTime":null,"publicEstimatedOffBlockTime":null,"actualOffBlockTime":null,"publicFlightState":null,"route":{"destinations":["NBO"]},"terminal":null,"gate":null,"baggageClaim":null,"expectedTimeOnBelt":null,"checkinAllocations":null,"transferPositions":null,"aircraftType":null,"aircraftRegistration":null,"expectedTimeGateOpen":null,"expectedTimeBoarding":null,"expectedTimeGateClosing":null,"schemaVersion":"1.0"},{"id":23959,"flightName":"KQ1565","scheduleDate":"2015-02-16","flightDirection":"D","flightNumber":null,"prefixIATA":"KQ","prefixICAO":null,"scheduleTime":"10:20:00","serviceType":null,"mainFlight":"KL0565","codeshares":{"codeshares":["AZ3741","DL9585","KQ1565"]},"estimatedLandingTime":null,"actualLandingTime":null,"publicEstimatedOffBlockTime":null,"actualOffBlockTime":null,"publicFlightState":null,"route":{"destinations":["NBO"]},"terminal":null,"gate":null,"baggageClaim":null,"expectedTimeOnBelt":null,"checkinAllocations":null,"transferPositions":null,"aircraftType":null,"aircraftRegistration":null,"expectedTimeGateOpen":null,"expectedTimeBoarding":null,"expectedTimeGateClosing":null,"schemaVersion":"1.0"},{"id":24393,"flightName":"KL1173","scheduleDate":"2015-02-16","flightDirection":"D","flightNumber":null,"prefixIATA":"KL","prefixICAO":null,"scheduleTime":"10:20:00","serviceType":null,"mainFlight":"KL1173","codeshares":{"codeshares":["AF8329","DL9331"]},"estimatedLandingTime":null,"actualLandingTime":null,"publicEstimatedOffBlockTime":null,"actualOffBlockTime":null,"publicFlightState":null,"route":{"destinations":["TRD"]},"terminal":null,"gate":null,"baggageClaim":null,"expectedTimeOnBelt":null,"checkinAllocations":null,"transferPositions":null,"aircraftType":null,"aircraftRegistration":null,"expectedTimeGateOpen":null,"expectedTimeBoarding":null,"expectedTimeGateClosing":null,"schemaVersion":"1.0"},{"id":24393,"flightName":"AF8329","scheduleDate":"2015-02-16","flightDirection":"D","flightNumber":null,"prefixIATA":"AF","prefixICAO":null,"scheduleTime":"10:20:00","serviceType":null,"mainFlight":"KL1173","codeshares":{"codeshares":["AF8329","DL9331"]},"estimatedLandingTime":null,"actualLandingTime":null,"publicEstimatedOffBlockTime":null,"actualOffBlockTime":null,"publicFlightState":null,"route":{"destinations":["TRD"]},"terminal":null,"gate":null,"baggageClaim":null,"expectedTimeOnBelt":null,"checkinAllocations":null,"transferPositions":null,"aircraftType":null,"aircraftRegistration":null,"expectedTimeGateOpen":null,"expectedTimeBoarding":null,"expectedTimeGateClosing":null,"schemaVersion":"1.0"},{"id":24393,"flightName":"DL9331","scheduleDate":"2015-02-16","flightDirection":"D","flightNumber":null,"prefixIATA":"DL","prefixICAO":null,"scheduleTime":"10:20:00","serviceType":null,"mainFlight":"KL1173","codeshares":{"codeshares":["AF8329","DL9331"]},"estimatedLandingTime":null,"actualLandingTime":null,"publicEstimatedOffBlockTime":null,"actualOffBlockTime":null,"publicFlightState":null,"route":{"destinations":["TRD"]},"terminal":null,"gate":null,"baggageClaim":null,"expectedTimeOnBelt":null,"checkinAllocations":null,"transferPositions":null,"aircraftType":null,"aircraftRegistration":null,"expectedTimeGateOpen":null,"expectedTimeBoarding":null,"expectedTimeGateClosing":null,"schemaVersion":"1.0"},{"id":24527,"flightName":"KL1224","scheduleDate":"2015-02-16","flightDirection":"A","flightNumber":null,"prefixIATA":"KL","prefixICAO":null,"scheduleTime":"10:20:00","serviceType":null,"mainFlight":"KL1224","codeshares":{"codeshares":["AF8224","CZ7602","DL9429","MU8278","VN3152"]},"estimatedLandingTime":null,"actualLandingTime":null,"publicEstimatedOffBlockTime":null,"actualOffBlockTime":null,"publicFlightState":null,"route":{"destinations":["CDG"]},"terminal":null,"gate":null,"baggageClaim":null,"expectedTimeOnBelt":null,"checkinAllocations":null,"transferPositions":null,"aircraftType":null,"aircraftRegistration":null,"expectedTimeGateOpen":null,"expectedTimeBoarding":null,"expectedTimeGateClosing":null,"schemaVersion":"1.0"},{"id":24527,"flightName":"AF8224","scheduleDate":"2015-02-16","flightDirection":"A","flightNumber":null,"prefixIATA":"AF","prefixICAO":null,"scheduleTime":"10:20:00","serviceType":null,"mainFlight":"KL1224","codeshares":{"codeshares":["AF8224","CZ7602","DL9429","MU8278","VN3152"]},"estimatedLandingTime":null,"actualLandingTime":null,"publicEstimatedOffBlockTime":null,"actualOffBlockTime":null,"publicFlightState":null,"route":{"destinations":["CDG"]},"terminal":null,"gate":null,"baggageClaim":null,"expectedTimeOnBelt":null,"checkinAllocations":null,"transferPositions":null,"aircraftType":null,"aircraftRegistration":null,"expectedTimeGateOpen":null,"expectedTimeBoarding":null,"expectedTimeGateClosing":null,"schemaVersion":"1.0"},{"id":24527,"flightName":"CZ7602","scheduleDate":"2015-02-16","flightDirection":"A","flightNumber":null,"prefixIATA":"CZ","prefixICAO":null,"scheduleTime":"10:20:00","serviceType":null,"mainFlight":"KL1224","codeshares":{"codeshares":["AF8224","CZ7602","DL9429","MU8278","VN3152"]},"estimatedLandingTime":null,"actualLandingTime":null,"publicEstimatedOffBlockTime":null,"actualOffBlockTime":null,"publicFlightState":null,"route":{"destinations":["CDG"]},"terminal":null,"gate":null,"baggageClaim":null,"expectedTimeOnBelt":null,"checkinAllocations":null,"transferPositions":null,"aircraftType":null,"aircraftRegistration":null,"expectedTimeGateOpen":null,"expectedTimeBoarding":null,"expectedTimeGateClosing":null,"schemaVersion":"1.0"},{"id":24527,"flightName":"DL9429","scheduleDate":"2015-02-16","flightDirection":"A","flightNumber":null,"prefixIATA":"DL","prefixICAO":null,"scheduleTime":"10:20:00","serviceType":null,"mainFlight":"KL1224","codeshares":{"codeshares":["AF8224","CZ7602","DL9429","MU8278","VN3152"]},"estimatedLandingTime":null,"actualLandingTime":null,"publicEstimatedOffBlockTime":null,"actualOffBlockTime":null,"publicFlightState":null,"route":{"destinations":["CDG"]},"terminal":null,"gate":null,"baggageClaim":null,"expectedTimeOnBelt":null,"checkinAllocations":null,"transferPositions":null,"aircraftType":null,"aircraftRegistration":null,"expectedTimeGateOpen":null,"expectedTimeBoarding":null,"expectedTimeGateClosing":null,"schemaVersion":"1.0"},{"id":24527,"flightName":"MU8278","scheduleDate":"2015-02-16","flightDirection":"A","flightNumber":null,"prefixIATA":"MU","prefixICAO":null,"scheduleTime":"10:20:00","serviceType":null,"mainFlight":"KL1224","codeshares":{"codeshares":["AF8224","CZ7602","DL9429","MU8278","VN3152"]},"estimatedLandingTime":null,"actualLandingTime":null,"publicEstimatedOffBlockTime":null,"actualOffBlockTime":null,"publicFlightState":null,"route":{"destinations":["CDG"]},"terminal":null,"gate":null,"baggageClaim":null,"expectedTimeOnBelt":null,"checkinAllocations":null,"transferPositions":null,"aircraftType":null,"aircraftRegistration":null,"expectedTimeGateOpen":null,"expectedTimeBoarding":null,"expectedTimeGateClosing":null,"schemaVersion":"1.0"},{"id":24527,"flightName":"VN3152","scheduleDate":"2015-02-16","flightDirection":"A","flightNumber":null,"prefixIATA":"VN","prefixICAO":null,"scheduleTime":"10:20:00","serviceType":null,"mainFlight":"KL1224","codeshares":{"codeshares":["AF8224","CZ7602","DL9429","MU8278","VN3152"]},"estimatedLandingTime":null,"actualLandingTime":null,"publicEstimatedOffBlockTime":null,"actualOffBlockTime":null,"publicFlightState":null,"route":{"destinations":["CDG"]},"terminal":null,"gate":null,"baggageClaim":null,"expectedTimeOnBelt":null,"checkinAllocations":null,"transferPositions":null,"aircraftType":null,"aircraftRegistration":null,"expectedTimeGateOpen":null,"expectedTimeBoarding":null,"expectedTimeGateClosing":null,"schemaVersion":"1.0"},{"id":24660,"flightName":"KL1303","scheduleDate":"2015-02-16","flightDirection":"D","flightNumber":null,"prefixIATA":"KL","prefixICAO":null,"scheduleTime":"10:20:00","serviceType":null,"mainFlight":"KL1303","codeshares":{"codeshares":["AF8261","DL9547","KQ1303"]},"estimatedLandingTime":null,"actualLandingTime":null,"publicEstimatedOffBlockTime":null,"actualOffBlockTime":null,"publicFlightState":null,"route":{"destinations":["TLS"]},"terminal":null,"gate":null,"baggageClaim":null,"expectedTimeOnBelt":null,"checkinAllocations":null,"transferPositions":null,"aircraftType":null,"aircraftRegistration":null,"expectedTimeGateOpen":null,"expectedTimeBoarding":null,"expectedTimeGateClosing":null,"schemaVersion":"1.0"},{"id":24660,"flightName":"AF8261","scheduleDate":"2015-02-16","flightDirection":"D","flightNumber":null,"prefixIATA":"AF","prefixICAO":null,"scheduleTime":"10:20:00","serviceType":null,"mainFlight":"KL1303","codeshares":{"codeshares":["AF8261","DL9547","KQ1303"]},"estimatedLandingTime":null,"actualLandingTime":null,"publicEstimatedOffBlockTime":null,"actualOffBlockTime":null,"publicFlightState":null,"route":{"destinations":["TLS"]},"terminal":null,"gate":null,"baggageClaim":null,"expectedTimeOnBelt":null,"checkinAllocations":null,"transferPositions":null,"aircraftType":null,"aircraftRegistration":null,"expectedTimeGateOpen":null,"expectedTimeBoarding":null,"expectedTimeGateClosing":null,"schemaVersion":"1.0"},{"id":24660,"flightName":"DL9547","scheduleDate":"2015-02-16","flightDirection":"D","flightNumber":null,"prefixIATA":"DL","prefixICAO":null,"scheduleTime":"10:20:00","serviceType":null,"mainFlight":"KL1303","codeshares":{"codeshares":["AF8261","DL9547","KQ1303"]},"estimatedLandingTime":null,"actualLandingTime":null,"publicEstimatedOffBlockTime":null,"actualOffBlockTime":null,"publicFlightState":null,"route":{"destinations":["TLS"]},"terminal":null,"gate":null,"baggageClaim":null,"expectedTimeOnBelt":null,"checkinAllocations":null,"transferPositions":null,"aircraftType":null,"aircraftRegistration":null,"expectedTimeGateOpen":null,"expectedTimeBoarding":null,"expectedTimeGateClosing":null,"schemaVersion":"1.0"},{"id":24660,"flightName":"KQ1303","scheduleDate":"2015-02-16","flightDirection":"D","flightNumber":null,"prefixIATA":"KQ","prefixICAO":null,"scheduleTime":"10:20:00","serviceType":null,"mainFlight":"KL1303","codeshares":{"codeshares":["AF8261","DL9547","KQ1303"]},"estimatedLandingTime":null,"actualLandingTime":null,"publicEstimatedOffBlockTime":null,"actualOffBlockTime":null,"publicFlightState":null,"route":{"destinations":["TLS"]},"terminal":null,"gate":null,"baggageClaim":null,"expectedTimeOnBelt":null,"checkinAllocations":null,"transferPositions":null,"aircraftType":null,"aircraftRegistration":null,"expectedTimeGateOpen":null,"expectedTimeBoarding":null,"expectedTimeGateClosing":null,"schemaVersion":"1.0"},{"id":24709,"flightName":"KL1363","scheduleDate":"2015-02-16","flightDirection":"D","flightNumber":null,"prefixIATA":"KL","prefixICAO":null,"scheduleTime":"10:20:00","serviceType":null,"mainFlight":"KL1363","codeshares":{"codeshares":["CZ7930","DL9322"]},"estimatedLandingTime":null,"actualLandingTime":null,"publicEstimatedOffBlockTime":null,"actualOffBlockTime":null,"publicFlightState":null,"route":{"destinations":["WAW"]},"terminal":null,"gate":null,"baggageClaim":null,"expectedTimeOnBelt":null,"checkinAllocations":null,"transferPositions":null,"aircraftType":null,"aircraftRegistration":null,"expectedTimeGateOpen":null,"expectedTimeBoarding":null,"expectedTimeGateClosing":null,"schemaVersion":"1.0"}],"schemaVersion":"1.0"}
