{"flights":[{"id":90714,"flightName":"BA2763","scheduleDate":"2015-08-26","flightDirection":"D","flightNumber":null,"prefixIATA":"BA","prefixICAO":null,"scheduleTime":"18:55:00","serviceType":null,"mainFlight":"BA2763","codeshares":null,"estimatedLandingTime":null,"actualLandingTime":null,"publicEstimatedOffBlockTime":null,"actualOffBlockTime":null,"publicFlightState":null,"route":{"destinations":["LGW"]},"terminal":null,"gate":null,"baggageClaim":null,"expectedTimeOnBelt":null,"checkinAllocations":null,"transferPositions":null,"aircraftType":null,"aircraftRegistration":null,"expectedTimeGateOpen":null,"expectedTimeBoarding":null,"expectedTimeGateClosing":null,"schemaVersion":"1.0"},{"id":90716,"flightName":"BA2763","scheduleDate":"2015-08-27","flightDirection":"D","flightNumber":null,"prefixIATA":"BA","prefixICAO":null,"scheduleTime":"18:55:00","serviceType":null,"mainFlight":"BA2763","codeshares":null,"estimatedLandingTime":null,"actualLandingTime":null,"publicEstimatedOffBlockTime":null,"actualOffBlockTime":null,"publicFlightState":null,"route":{"destinations":["LGW"]},"terminal":null,"gate":null,"baggageClaim":null,"expectedTimeOnBelt":null,"checkinAllocations":null,"transferPositions":null,"aircraftType":null,"aircraftRegistration":null,"expectedTimeGateOpen":null,"expectedTimeBoarding":null,"expectedTimeGateClosing":null,"schemaVersion":"1.0"},{"id":90718,"flightName":"BA2763","scheduleDate":"2015-08-28","flightDirection":"D","flightNumber":null,"prefixIATA":"BA","prefixICAO":null,"scheduleTime":"18:55:00","serviceType":null,"mainFlight":"BA2763","codeshares":null,"estimatedLandingTime":null,"actualLandingTime":null,"publicEstimatedOffBlockTime":null,"actualOffBlockTime":null,"publicFlightState":null,"route":{"destinations":["LGW"]},"terminal":null,"gate":null,"baggageClaim":null,"expectedTimeOnBelt":null,"checkinAllocations":null,"transferPositions":null,"aircraftType":null,"aircraftRegistration":null,"expectedTimeGateOpen":null,"expectedTimeBoarding":null,"expectedTimeGateClosing":null,"schemaVersion":"1.0"},{"id":90720,"flightName":"BA2763","scheduleDate":"2015-08-31","flightDirection":"D","flightNumber":null,"prefixIATA":"BA","prefixICAO":null,"scheduleTime":"18:55:00","serviceType":null,"mainFlight":"BA2763","codeshares":null,"estimatedLandingTime":null,"actualLandingTime":null,"publicEstimatedOffBlockTime":null,"actualOffBlockTime":null,"publicFlightState":null,"route":{"destinations":["LGW"]},"terminal":null,"gate":null,"baggageClaim":null,"expectedTimeOnBelt":null,"checkinAllocations":null,"transferPositions":null,"aircraftType":null,"aircraftRegistration":null,"expectedTimeGateOpen":null,"expectedTimeBoarding":null,"expectedTimeGateClosing":null,"schemaVersion":"1.0"},{"id":90959,"flightName":"IZ335","scheduleDate":"2015-08-31","flightDirection":"A","flightNumber":null,"prefixIATA":"IZ","prefixICAO":null,"scheduleTime":"18:55:00","serviceType":null,"mainFlight":"IZ335","codeshares":null,"estimatedLandingTime":null,"actualLandingTime":null,"publicEstimatedOffBlockTime":null,"actualOffBlockTime":null,"publicFlightState":null,"route":{"destinations":["TLV","FCO"]},"terminal":null,"gate":null,"baggageClaim":null,"expectedTimeOnBelt":null,"checkinAllocations":null,"transferPositions":null,"aircraftType":null,"aircraftRegistration":null,"expectedTimeGateOpen":null,"expectedTimeBoarding":null,"expectedTimeGateClosing":null,"schemaVersion":"1.0"},{"id":91200,"flightName":"LO267","scheduleDate":"2015-08-30","flightDirection":"A","flightNumber":null,"prefixIATA":"LO","prefixICAO":null,"scheduleTime":"18:55:00","serviceType":null,"mainFlight":"LO267","codeshares":null,"estimatedLandingTime":null,"actualLandingTime":null,"publicEstimatedOffBlockTime":null,"actualOffBlockTime":null,"publicFlightState":null,"route":{"destinations":["WAW"]},"terminal":null,"gate":null,"baggageClaim":null,"expectedTimeOnBelt":null,"checkinAllocations":null,"transferPositions":null,"aircraftType":null,"aircraftRegistration":null,"expectedTimeGateOpen":null,"expectedTimeBoarding":null,"expectedTimeGateClosing":null,"schemaVersion":"1.0"},{"id":91202,"flightName":"LO267","scheduleDate":"2015-08-25","flightDirection":"A","flightNumber":null,"prefixIATA":"LO","prefixICAO":null,"scheduleTime":"18:55:00","serviceType":null,"mainFlight":"LO267","codeshares":null,"estimatedLandingTime":null,"actualLandingTime":null,"publicEstimatedOffBlockTime":null,"actualOffBlockTime":null,"publicFlightState":null,"route":{"destinations":["WAW"]},"terminal":null,"gate":null,"baggageClaim":null,"expectedTimeOnBelt":null,"checkinAllocations":null,"transferPositions":null,"aircraftType":null,"aircraftRegistration":null,"expectedTimeGateOpen":null,"expectedTimeBoarding":null,"expectedTimeGateClosing":null,"schemaVersion":"1.0"},{"id":91204,"flightName":"LO267","scheduleDate":"2015-08-26","flightDirection":"A","flightNumber":null,"prefixIATA":"LO","prefixICAO":null,"scheduleTime":"18:55:00","serviceType":null,"mainFlight":"LO267","codeshares":null,"estimatedLandingTime":null,"actualLandingTime":null,"publicEstimatedOffBlockTime":null,"actualOffBlockTime":null,"publicFlightState":null,"route":{"destinations":["WAW"]},"terminal":null,"gate":null,"baggageClaim":null,"expectedTimeOnBelt":null,"checkinAllocations":null,"transferPositions":null,"aircraftType":null,"aircraftRegistration":null,"expectedTimeGateOpen":null,"expectedTimeBoarding":null,"expectedTimeGateClosing":null,"schemaVersion":"1.0"},{"id":91206,"flightName":"LO267","scheduleDate":"2015-08-27","flightDirection":"A","flightNumber":null,"prefixIATA":"LO","prefixICAO":null,"scheduleTime":"18:55:00","serviceType":null,"mainFlight":"LO267","codeshares":null,"estimatedLandingTime":null,"actualLandingTime":null,"publicEstimatedOffBlockTime":null,"actualOffBlockTime":null,"publicFlightState":null,"route":{"destinations":["WAW"]},"terminal":null,"gate":null,"baggageClaim":null,"expectedTimeOnBelt":null,"checkinAllocations":null,"transferPositions":null,"aircraftType":null,"aircraftRegistration":null,"expectedTimeGateOpen":null,"expectedTimeBoarding":null,"expectedTimeGateClosing":null,"schemaVersion":"1.0"},{"id":91208,"flightName":"LO267","scheduleDate":"2015-08-28","flightDirection":"A","flightNumber":null,"prefixIATA":"LO","prefixICAO":null,"scheduleTime":"18:55:00","serviceType":null,"mainFlight":"LO267","codeshares":null,"estimatedLandingTime":null,"actualLandingTime":null,"publicEstimatedOffBlockTime":null,"actualOffBlockTime":null,"publicFlightState":null,"route":{"destinations":["WAW"]},"terminal":null,"gate":null,"baggageClaim":null,"expectedTimeOnBelt":null,"checkinAllocations":null,"transferPositions":null,"aircraftType":null,"aircraftRegistration":null,"expectedTimeGateOpen":null,"expectedTimeBoarding":null,"expectedTimeGateClosing":null,"schemaVersion":"1.0"},{"id":91210,"flightName":"LO267","scheduleDate":"2015-08-29","flightDirection":"A","flightNumber":null,"prefixIATA":"LO","prefixICAO":null,"scheduleTime":"18:55:00","serviceType":null,"mainFlight":"LO267","codeshares":null,"estimatedLandingTime":null,"actualLandingTime":null,"publicEstimatedOffBlockTime":null,"actualOffBlockTime":null,"publicFlightState":null,"route":{"destinations":["WAW"]},"terminal":null,"gate":null,"baggageClaim":null,"expectedTimeOnBelt":null,"checkinAllocations":null,"transferPositions":null,"aircraftType":null,"aircraftRegistration":null,"expectedTimeGateOpen":null,"expectedTimeBoarding":null,"expectedTimeGateClosing":null,"schemaVersion":"1.0"},{"id":91212,"flightName":"LO267","scheduleDate":"2015-08-31","flightDirection":"A","flightNumber":null,"prefixIATA":"LO","prefixICAO":null,"scheduleTime":"18:55:00","serviceType":null,"mainFlight":"LO267","codeshares":null,"estimatedLandingTime":null,"actualLandingTime":null,"publicEstimatedOffBlockTime":null,"actualOffBlockTime":null,"publicFlightState":null,"route":{"destinations":["WAW"]},"terminal":null,"gate":null,"baggageClaim":null,"expectedTimeOnBelt":null,"checkinAllocations":null,"transferPositions":null,"aircraftType":null,"aircraftRegistration":null,"expectedTimeGateOpen":null,"expectedTimeBoarding":null,"expectedTimeGateClosing":null,"schemaVersion":"1.0"},{"id":91763,"flightName":"3O127","scheduleDate":"2015-08-30","flightDirection":"A","flightNumber":null,"prefixIATA":"3O","prefixICAO":null,"scheduleTime":"18:55:00","serviceType":null,"mainFlight":"3O127","codeshares":null,"estimatedLandingTime":null,"actualLandingTime":null,"publicEstimatedOffBlockTime":null,"actualOffBlockTime":null,"publicFlightState":null,"route":{"destinations":["TNG"]},"terminal":null,"gate":null,"baggageClaim":null,"expectedTimeOnBelt":null,"checkinAllocations":null,"transferPositions":null,"aircraftType":null,"aircraftRegistration":null,"expectedTimeGateOpen":null,"expectedTimeBoarding":null,"expectedTimeGateClosing":null,"schemaVersion":"1.0"},{"id":91765,"flightName":"3O127","scheduleDate":"2015-08-27","flightDirection":"A","flightNumber":null,"prefixIATA":"3O","prefixICAO":null,"scheduleTime":"18:55:00","serviceType":null,"mainFlight":"3O127","codeshares":null,"estimatedLandingTime":null,"actualLandingTime":null,"publicEstimatedOffBlockTime":null,"actualOffBlockTime":null,"publicFlightState":null,"route":{"destinations":["TNG"]},"terminal":null,"gate":null,"baggageClaim":null,"expectedTimeOnBelt":null,"checkinAllocations":null,"transferPositions":null,"aircraftType":null,"aircraftRegistration":null,"expectedTimeGateOpen":null,"expectedTimeBoarding":null,"expectedTimeGateClosing":null,"schemaVersion":"1.0"},{"id":90320,"flightName":"I23725","scheduleDate":"2015-08-18","flightDirection":"D","flightNumber":null,"prefixIATA":"I2","prefixICAO":null,"scheduleTime":"19:00:00","serviceType":null,"mainFlight":"I23725","codeshares":null,"estimatedLandingTime":null,"actualLandingTime":null,"publicEstimatedOffBlockTime":null,"actualOffBlockTime":null,"publicFlightState":null,"route":{"destinations":["MAD"]},"terminal":null,"gate":null,"baggageClaim":null,"expectedTimeOnBelt":null,"checkinAllocations":null,"transferPositions":null,"aircraftType":null,"aircraftRegistration":null,"expectedTimeGateOpen":null,"expectedTimeBoarding":null,"expectedTimeGateClosing":null,"schemaVersion":"1.0"},{"id":90497,"flightName":"I23725","scheduleDate":"2015-08-19","flightDirection":"D","flightNumber":null,"prefixIATA":"I2","prefixICAO":null,"scheduleTime":"19:00:00","serviceType":null,"mainFlight":"I23725","codeshares":null,"estimatedLandingTime":null,"actualLandingTime":null,"publicEstimatedOffBlockTime":null,"actualOffBlockTime":null,"publicFlightState":null,"route":{"destinations":["MAD"]},"terminal":null,"gate":null,"baggageClaim":null,"expectedTimeOnBelt":null,"checkinAllocations":null,"transferPositions":null,"aircraftType":null,"aircraftRegistration":null,"expectedTimeGateOpen":null,"expectedTimeBoarding":null,"expectedTimeGateClosing":null,"schemaVersion":"1.0"},{"id":90986,"flightName":"I23725","scheduleDate":"2015-08-29","flightDirection":"D","flightNumber":null,"prefixIATA":"I2","prefixICAO":null,"scheduleTime":"19:00:00","serviceType":null,"mainFlight":"I23725","codeshares":null,"estimatedLandingTime":null,"actualLandingTime":null,"publicEstimatedOffBlockTime":null,"actualOffBlockTime":null,"publicFlightState":null,"route":{"destinations":["MAD"]},"terminal":null,"gate":null,"baggageClaim":null,"expectedTimeOnBelt":null,"checkinAllocations":null,"transferPositions":null,"aircraftType":null,"aircraftRegistration":null,"expectedTimeGateOpen":null,"expectedTimeBoarding":null,"expectedTimeGateClosing":null,"schemaVersion":"1.0"},{"id":90988,"flightName":"I23725","scheduleDate":"2015-08-26","flightDirection":"D","flightNumber":null,"prefixIATA":"I2","prefixICAO":null,"scheduleTime":"19:00:00","serviceType":null,"mainFlight":"I23725","codeshares":null,"estimatedLandingTime":null,"actualLandingTime":null,"publicEstimatedOffBlockTime":null,"actualOffBlockTime":null,"publicFlightState":null,"route":{"destinations":["MAD"]},"terminal":null,"gate":null,"baggageClaim":null,"expectedTimeOnBelt":null,"checkinAllocations":null,"transferPositions":null,"aircraftType":null,"aircraftRegistration":null,"expectedTimeGateOpen":null,"expectedTimeBoarding":null,"expectedTimeGateClosing":null,"schemaVersion":"1.0"},{"id":90990,"flightName":"I23725","scheduleDate":"2015-08-25","flightDirection":"D","flightNumber":null,"prefixIATA":"I2","prefixICAO":null,"scheduleTime":"19:00:00","serviceType":null,"mainFlight":"I23725","codeshares":null,"estimatedLandingTime":null,"actualLandingTime":null,"publicEstimatedOffBlockTime":null,"actualOffBlockTime":null,"publicFlightState":null,"route":{"destinations":["MAD"]},"terminal":null,"gate":null,"baggageClaim":null,"expectedTimeOnBelt":null,"checkinAllocations":null,"transferPositions":null,"aircraftType":null,"aircraftRegistration":null,"expectedTimeGateOpen":null,"expectedTimeBoarding":null,"expectedTimeGateClosing":null,"schemaVersion":"1.0"},{"id":90552,"flightName":"MH6129","scheduleDate":"2015-08-21","flightDirection":"D","flightNumber":null,"prefixIATA":"MH","prefixICAO":null,"scheduleTime":"19:05:00","serviceType":null,"mainFlight":"MH6129","codeshares":null,"estimatedLandingTime":null,"actualLandingTime":null,"publicEstimatedOffBlockTime":null,"actualOffBlockTime":null,"publicFlightState":null,"route":{"destinations":["DWC","KUL"]},"terminal":null,"gate":null,"baggageClaim":null,"expectedTimeOnBelt":null,"checkinAllocations":null,"transferPositions":null,"aircraftType":null,"aircraftRegistration":null,"expectedTimeGateOpen":null,"expectedTimeBoarding":null,"expectedTimeGateClosing":null,"schemaVersion":"1.0"}],"schemaVersion":"1.0"}
