{"flights":[{"id":62869,"flightName":"EZY1831","scheduleDate":"2015-04-01","flightDirection":"A","flightNumber":null,"prefixIATA":null,"prefixICAO":"EZY","scheduleTime":"09:20:00","serviceType":null,"mainFlight":"EZY1831","codeshares":null,"estimatedLandingTime":null,"actualLandingTime":null,"publicEstimatedOffBlockTime":null,"actualOffBlockTime":null,"publicFlightState":null,"route":{"destinations":["MAN"]},"terminal":null,"gate":null,"baggageClaim":null,"expectedTimeOnBelt":null,"checkinAllocations":null,"transferPositions":null,"aircraftType":null,"aircraftRegistration":null,"expectedTimeGateOpen":null,"expectedTimeBoarding":null,"expectedTimeGateClosing":null,"schemaVersion":"1.0"},{"id":62985,"flightName":"OK617","scheduleDate":"2015-04-01","flightDirection":"D","flightNumber":null,"prefixIATA":"OK","prefixICAO":null,"scheduleTime":"09:20:00","serviceType":null,"mainFlight":"OK617","codeshares":{"codeshares":["DL8731","KE7602","KL3121","CZ7310","QS8617"]},"estimatedLandingTime":null,"actualLandingTime":null,"publicEstimatedOffBlockTime":null,"actualOffBlockTime":null,"publicFlightState":null,"route":{"destinations":["PRG"]},"terminal":null,"gate":null,"baggageClaim":null,"expectedTimeOnBelt":null,"checkinAllocations":null,"transferPositions":null,"aircraftType":null,"aircraftRegistration":null,"expectedTimeGateOpen":null,"expectedTimeBoarding":null,"expectedTimeGateClosing":null,"schemaVersion":"1.0"},{"id":62985,"flightName":"DL8731","scheduleDate":"2015-04-01","flightDirection":"D","flightNumber":null,"prefixIATA":"DL","prefixICAO":null,"scheduleTime":"09:20:00","serviceType":null,"mainFlight":"OK617","codeshares":{"codeshares":["DL8731","KE7602","KL3121","CZ7310","QS8617"]},"estimatedLandingTime":null,"actualLandingTime":null,"publicEstimatedOffBlockTime":null,"actualOffBlockTime":null,"publicFlightState":null,"route":{"destinations":["PRG"]},"terminal":null,"gate":null,"baggageClaim":null,"expectedTimeOnBelt":null,"checkinAllocations":null,"transferPositions":null,"aircraftType":null,"aircraftRegistration":null,"expectedTimeGateOpen":null,"expectedTimeBoarding":null,"expectedTimeGateClosing":null,"schemaVersion":"1.0"},{"id":62985,"flightName":"KE7602","scheduleDate":"2015-04-01","flightDirection":"D","flightNumber":null,"prefixIATA":"KE","prefixICAO":null,"scheduleTime":"09:20:00","serviceType":null,"mainFlight":"OK617","codeshares":{"codeshares":["DL8731","KE7602","KL3121","CZ7310","QS8617"]},"estimatedLandingTime":null,"actualLandingTime":null,"publicEstimatedOffBlockTime":null,"actualOffBlockTime":null,"publicFlightState":null,"route":{"destinations":["PRG"]},"terminal":null,"gate":null,"baggageClaim":null,"expectedTimeOnBelt":null,"checkinAllocations":null,"transferPositions":null,"aircraftType":null,"aircraftRegistration":null,"expectedTimeGateOpen":null,"expectedTimeBoarding":null,"expectedTimeGateClosing":null,"schemaVersion":"1.0"},{"id":62985,"flightName":"KL3121","scheduleDate":"2015-04-01","flightDirection":"D","flightNumber":null,"prefixIATA":"KL","prefixICAO":null,"scheduleTime":"09:20:00","serviceType":null,"mainFlight":"OK617","codeshares":{"codeshares":["DL8731","KE7602","KL3121","CZ7310","QS8617"]},"estimatedLandingTime":null,"actualLandingTime":null,"publicEstimatedOffBlockTime":null,"actualOffBlockTime":null,"publicFlightState":null,"route":{"destinations":["PRG"]},"terminal":null,"gate":null,"baggageClaim":null,"expectedTimeOnBelt":null,"checkinAllocations":null,"transferPositions":null,"aircraftType":null,"aircraftRegistration":null,"expectedTimeGateOpen":null,"expectedTimeBoarding":null,"expectedTimeGateClosing":null,"schemaVersion":"1.0"},{"id":62985,"flightName":"CZ7310","scheduleDate":"2015-04-01","flightDirection":"D","flightNumber":null,"prefixIATA":"CZ","prefixICAO":null,"scheduleTime":"09:20:00","serviceType":null,"mainFlight":"OK617","codeshares":{"codeshares":["DL8731","KE7602","KL3121","CZ7310","QS8617"]},"estimatedLandingTime":null,"actualLandingTime":null,"publicEstimatedOffBlockTime":null,"actualOffBlockTime":null,"publicFlightState":null,"route":{"destinations":["PRG"]},"terminal":null,"gate":null,"baggageClaim":null,"expectedTimeOnBelt":null,"checkinAllocations":null,"transferPositions":null,"aircraftType":null,"aircraftRegistration":null,"expectedTimeGateOpen":null,"expectedTimeBoarding":null,"expectedTimeGateClosing":null,"schemaVersion":"1.0"},{"id":62985,"flightName":"QS8617","scheduleDate":"2015-04-01","flightDirection":"D","flightNumber":null,"prefixIATA":"QS","prefixICAO":null,"scheduleTime":"09:20:00","serviceType":null,"mainFlight":"OK617","codeshares":{"codeshares":["DL8731","KE7602","KL3121","CZ7310","QS8617"]},"estimatedLandingTime":null,"actualLandingTime":null,"publicEstimatedOffBlockTime":null,"actualOffBlockTime":null,"publicFlightState":null,"route":{"destinations":["PRG"]},"terminal":null,"gate":null,"baggageClaim":null,"expectedTimeOnBelt":null,"checkinAllocations":null,"transferPositions":null,"aircraftType":null,"aircraftRegistration":null,"expectedTimeGateOpen":null,"expectedTimeBoarding":null,"expectedTimeGateClosing":null,"schemaVersion":"1.0"},{"id":63509,"flightName":"DL0175","scheduleDate":"2015-04-01","flightDirection":"D","flightNumber":null,"prefixIATA":"DL","prefixICAO":null,"scheduleTime":"09:20:00","serviceType":null,"mainFlight":"DL0175","codeshares":{"codeshares":["KL6075"]},"estimatedLandingTime":null,"actualLandingTime":null,"publicEstimatedOffBlockTime":null,"actualOffBlockTime":null,"publicFlightState":null,"route":{"destinations":["ATL"]},"terminal":null,"gate":null,"baggageClaim":null,"expectedTimeOnBelt":null,"checkinAllocations":null,"transferPositions":null,"aircraftType":null,"aircraftRegistration":null,"expectedTimeGateOpen":null,"expectedTimeBoarding":null,"expectedTimeGateClosing":null,"schemaVersion":"1.0"},{"id":63509,"flightName":"KL6075","scheduleDate":"2015-04-01","flightDirection":"D","flightNumber":null,"prefixIATA":"KL","prefixICAO":null,"scheduleTime":"09:20:00","serviceType":null,"mainFlight":"DL0175","codeshares":{"codeshares":["KL6075"]},"estimatedLandingTime":null,"actualLandingTime":null,"publicEstimatedOffBlockTime":null,"actualOffBlockTime":null,"publicFlightState":null,"route":{"destinations":["ATL"]},"terminal":null,"gate":null,"baggageClaim":null,"expectedTimeOnBelt":null,"checkinAllocations":null,"transferPositions":null,"aircraftType":null,"aircraftRegistration":null,"expectedTimeGateOpen":null,"expectedTimeBoarding":null,"expectedTimeGateClosing":null,"schemaVersion":"1.0"},{"id":64102,"flightName":"KL1143","scheduleDate":"2015-04-01","flightDirection":"D","flightNumber":null,"prefixIATA":"KL","prefixICAO":null,"scheduleTime":"09:20:00","serviceType":null,"mainFlight":"KL1143","codeshares":{"codeshares":["CZ7893","DL9286","EY7340","MH5643"]},"estimatedLandingTime":null,"actualLandingTime":null,"publicEstimatedOffBlockTime":null,"actualOffBlockTime":null,"publicFlightState":null,"route":{"destinations":["OSL"]},"terminal":null,"gate":null,"baggageClaim":null,"expectedTimeOnBelt":null,"checkinAllocations":null,"transferPositions":null,"aircraftType":null,"aircraftRegistration":null,"expectedTimeGateOpen":null,"expectedTimeBoarding":null,"expectedTimeGateClosing":null,"schemaVersion":"1.0"},{"id":64102,"flightName":"CZ7893","scheduleDate":"2015-04-01","flightDirection":"D","flightNumber":null,"prefixIATA":"CZ","prefixICAO":null,"scheduleTime":"09:20:00","serviceType":null,"mainFlight":"KL1143","codeshares":{"codeshares":["CZ7893","DL9286","EY7340","MH5643"]},"estimatedLandingTime":null,"actualLandingTime":null,"publicEstimatedOffBlockTime":null,"actualOffBlockTime":null,"publicFlightState":null,"route":{"destinations":["OSL"]},"terminal":null,"gate":null,"baggageClaim":null,"expectedTimeOnBelt":null,"checkinAllocations":null,"transferPositions":null,"aircraftType":null,"aircraftRegistration":null,"expectedTimeGateOpen":null,"expectedTimeBoarding":null,"expectedTimeGateClosing":null,"schemaVersion":"1.0"},{"id":64102,"flightName":"DL9286","scheduleDate":"2015-04-01","flightDirection":"D","flightNumber":null,"prefixIATA":"DL","prefixICAO":null,"scheduleTime":"09:20:00","serviceType":null,"mainFlight":"KL1143","codeshares":{"codeshares":["CZ7893","DL9286","EY7340","MH5643"]},"estimatedLandingTime":null,"actualLandingTime":null,"publicEstimatedOffBlockTime":null,"actualOffBlockTime":null,"publicFlightState":null,"route":{"destinations":["OSL"]},"terminal":null,"gate":null,"baggageClaim":null,"expectedTimeOnBelt":null,"checkinAllocations":null,"transferPositions":null,"aircraftType":null,"aircraftRegistration":null,"expectedTimeGateOpen":null,"expectedTimeBoarding":null,"expectedTimeGateClosing":null,"schemaVersion":"1.0"},{"id":64102,"flightName":"EY7340","scheduleDate":"2015-04-01","flightDirection":"D","flightNumber":null,"prefixIATA":"EY","prefixICAO":null,"scheduleTime":"09:20:00","serviceType":null,"mainFlight":"KL1143","codeshares":{"codeshares":["CZ7893","DL9286","EY7340","MH5643"]},"estimatedLandingTime":null,"actualLandingTime":null,"publicEstimatedOffBlockTime":null,"actualOffBlockTime":null,"publicFlightState":null,"route":{"destinations":["OSL"]},"terminal":null,"gate":null,"baggageClaim":null,"expectedTimeOnBelt":null,"checkinAllocations":null,"transferPositions":null,"aircraftType":null,"aircraftRegistration":null,"expectedTimeGateOpen":null,"expectedTimeBoarding":null,"expectedTimeGateClosing":null,"schemaVersion":"1.0"},{"id":64102,"flightName":"MH5643","scheduleDate":"2015-04-01","flightDirection":"D","flightNumber":null,"prefixIATA":"MH","prefixICAO":null,"scheduleTime":"09:20:00","serviceType":null,"mainFlight":"KL1143","codeshares":{"codeshares":["CZ7893","DL9286","EY7340","MH5643"]},"estimatedLandingTime":null,"actualLandingTime":null,"publicEstimatedOffBlockTime":null,"actualOffBlockTime":null,"publicFlightState":null,"route":{"destinations":["OSL"]},"terminal":null,"gate":null,"baggageClaim":null,"expectedTimeOnBelt":null,"checkinAllocations":null,"transferPositions":null,"aircraftType":null,"aircraftRegistration":null,"expectedTimeGateOpen":null,"expectedTimeBoarding":null,"expectedTimeGateClosing":null,"schemaVersion":"1.0"},{"id":64758,"flightName":"KL1533","scheduleDate":"2015-04-01","flightDirection":"D","flightNumber":null,"prefixIATA":"KL","prefixICAO":null,"scheduleTime":"09:20:00","serviceType":null,"mainFlight":"KL1533","codeshares":{"codeshares":["AF8353","DL9353","EY7313","KQ1533","SU4399"]},"estimatedLandingTime":null,"actualLandingTime":null,"publicEstimatedOffBlockTime":null,"actualOffBlockTime":null,"publicFlightState":null,"route":{"destinations":["MME"]},"terminal":null,"gate":null,"baggageClaim":null,"expectedTimeOnBelt":null,"checkinAllocations":null,"transferPositions":null,"aircraftType":null,"aircraftRegistration":null,"expectedTimeGateOpen":null,"expectedTimeBoarding":null,"expectedTimeGateClosing":null,"schemaVersion":"1.0"},{"id":64758,"flightName":"AF8353","scheduleDate":"2015-04-01","flightDirection":"D","flightNumber":null,"prefixIATA":"AF","prefixICAO":null,"scheduleTime":"09:20:00","serviceType":null,"mainFlight":"KL1533","codeshares":{"codeshares":["AF8353","DL9353","EY7313","KQ1533","SU4399"]},"estimatedLandingTime":null,"actualLandingTime":null,"publicEstimatedOffBlockTime":null,"actualOffBlockTime":null,"publicFlightState":null,"route":{"destinations":["MME"]},"terminal":null,"gate":null,"baggageClaim":null,"expectedTimeOnBelt":null,"checkinAllocations":null,"transferPositions":null,"aircraftType":null,"aircraftRegistration":null,"expectedTimeGateOpen":null,"expectedTimeBoarding":null,"expectedTimeGateClosing":null,"schemaVersion":"1.0"},{"id":64758,"flightName":"DL9353","scheduleDate":"2015-04-01","flightDirection":"D","flightNumber":null,"prefixIATA":"DL","prefixICAO":null,"scheduleTime":"09:20:00","serviceType":null,"mainFlight":"KL1533","codeshares":{"codeshares":["AF8353","DL9353","EY7313","KQ1533","SU4399"]},"estimatedLandingTime":null,"actualLandingTime":null,"publicEstimatedOffBlockTime":null,"actualOffBlockTime":null,"publicFlightState":null,"route":{"destinations":["MME"]},"terminal":null,"gate":null,"baggageClaim":null,"expectedTimeOnBelt":null,"checkinAllocations":null,"transferPositions":null,"aircraftType":null,"aircraftRegistration":null,"expectedTimeGateOpen":null,"expectedTimeBoarding":null,"expectedTimeGateClosing":null,"schemaVersion":"1.0"},{"id":64758,"flightName":"EY7313","scheduleDate":"2015-04-01","flightDirection":"D","flightNumber":null,"prefixIATA":"EY","prefixICAO":null,"scheduleTime":"09:20:00","serviceType":null,"mainFlight":"KL1533","codeshares":{"codeshares":["AF8353","DL9353","EY7313","KQ1533","SU4399"]},"estimatedLandingTime":null,"actualLandingTime":null,"publicEstimatedOffBlockTime":null,"actualOffBlockTime":null,"publicFlightState":null,"route":{"destinations":["MME"]},"terminal":null,"gate":null,"baggageClaim":null,"expectedTimeOnBelt":null,"checkinAllocations":null,"transferPositions":null,"aircraftType":null,"aircraftRegistration":null,"expectedTimeGateOpen":null,"expectedTimeBoarding":null,"expectedTimeGateClosing":null,"schemaVersion":"1.0"},{"id":64758,"flightName":"KQ1533","scheduleDate":"2015-04-01","flightDirection":"D","flightNumber":null,"prefixIATA":"KQ","prefixICAO":null,"scheduleTime":"09:20:00","serviceType":null,"mainFlight":"KL1533","codeshares":{"codeshares":["AF8353","DL9353","EY7313","KQ1533","SU4399"]},"estimatedLandingTime":null,"actualLandingTime":null,"publicEstimatedOffBlockTime":null,"actualOffBlockTime":null,"publicFlightState":null,"route":{"destinations":["MME"]},"terminal":null,"gate":null,"baggageClaim":null,"expectedTimeOnBelt":null,"checkinAllocations":null,"transferPositions":null,"aircraftType":null,"aircraftRegistration":null,"expectedTimeGateOpen":null,"expectedTimeBoarding":null,"expectedTimeGateClosing":null,"schemaVersion":"1.0"},{"id":64758,"flightName":"SU4399","scheduleDate":"2015-04-01","flightDirection":"D","flightNumber":null,"prefixIATA":"SU","prefixICAO":null,"scheduleTime":"09:20:00","serviceType":null,"mainFlight":"KL1533","codeshares":{"codeshares":["AF8353","DL9353","EY7313","KQ1533","SU4399"]},"estimatedLandingTime":null,"actualLandingTime":null,"publicEstimatedOffBlockTime":null,"actualOffBlockTime":null,"publicFlightState":null,"route":{"destinations":["MME"]},"terminal":null,"gate":null,"baggageClaim":null,"expectedTimeOnBelt":null,"checkinAllocations":null,"transferPositions":null,"aircraftType":null,"aircraftRegistration":null,"expectedTimeGateOpen":null,"expectedTimeBoarding":null,"expectedTimeGateClosing":null,"schemaVersion":"1.0"}],"schemaVersion":"1.0"}
