{"flights":[{"id":91790,"flightName":"4U2181","scheduleDate":"2015-08-31","flightDirection":"D","flightNumber":null,"prefixIATA":"4U","prefixICAO":null,"scheduleTime":"17:35:00","serviceType":null,"mainFlight":"4U2181","codeshares":null,"estimatedLandingTime":null,"actualLandingTime":null,"publicEstimatedOffBlockTime":null,"actualOffBlockTime":null,"publicFlightState":null,"route":{"destinations":["STR"]},"terminal":null,"gate":null,"baggageClaim":null,"expectedTimeOnBelt":null,"checkinAllocations":null,"transferPositions":null,"aircraftType":null,"aircraftRegistration":null,"expectedTimeGateOpen":null,"expectedTimeBoarding":null,"expectedTimeGateClosing":null,"schemaVersion":"1.0"},{"id":90278,"flightName":"OS374","scheduleDate":"2015-08-18","flightDirection":"D","flightNumber":null,"prefixIATA":"OS","prefixICAO":null,"scheduleTime":"17:40:00","serviceType":null,"mainFlight":"OS374","codeshares":null,"estimatedLandingTime":null,"actualLandingTime":null,"publicEstimatedOffBlockTime":null,"actualOffBlockTime":null,"publicFlightState":null,"route":{"destinations":["VIE"]},"terminal":null,"gate":null,"baggageClaim":null,"expectedTimeOnBelt":null,"checkinAllocations":null,"transferPositions":null,"aircraftType":null,"aircraftRegistration":null,"expectedTimeGateOpen":null,"expectedTimeBoarding":null,"expectedTimeGateClosing":null,"schemaVersion":"1.0"},{"id":90283,"flightName":"A3423","scheduleDate":"2015-08-18","flightDirection":"D","flightNumber":null,"prefixIATA":"A3","prefixICAO":null,"scheduleTime":"17:40:00","serviceType":null,"mainFlight":"A3423","codeshares":null,"estimatedLandingTime":null,"actualLandingTime":null,"publicEstimatedOffBlockTime":null,"actualOffBlockTime":null,"publicFlightState":null,"route":{"destinations":["HER"]},"terminal":null,"gate":null,"baggageClaim":null,"expectedTimeOnBelt":null,"checkinAllocations":null,"transferPositions":null,"aircraftType":null,"aircraftRegistration":null,"expectedTimeGateOpen":null,"expectedTimeBoarding":null,"expectedTimeGateClosing":null,"schemaVersion":"1.0"},{"id":90286,"flightName":"AT851","scheduleDate":"2015-08-18","flightDirection":"D","flightNumber":null,"prefixIATA":"AT","prefixICAO":null,"scheduleTime":"17:40:00","serviceType":null,"mainFlight":"AT851","codeshares":null,"estimatedLandingTime":null,"actualLandingTime":null,"publicEstimatedOffBlockTime":null,"actualOffBlockTime":null,"publicFlightState":null,"route":{"destinations":["CMN"]},"terminal":null,"gate":null,"baggageClaim":null,"expectedTimeOnBelt":null,"checkinAllocations":null,"transferPositions":null,"aircraftType":null,"aircraftRegistration":null,"expectedTimeGateOpen":null,"expectedTimeBoarding":null,"expectedTimeGateClosing":null,"schemaVersion":"1.0"},{"id":90491,"flightName":"OS374","scheduleDate":"2015-08-19","flightDirection":"D","flightNumber":null,"prefixIATA":"OS","prefixICAO":null,"scheduleTime":"17:40:00","serviceType":null,"mainFlight":"OS374","codeshares":null,"estimatedLandingTime":null,"actualLandingTime":null,"publicEstimatedOffBlockTime":null,"actualOffBlockTime":null,"publicFlightState":null,"route":{"destinations":["VIE"]},"terminal":null,"gate":null,"baggageClaim":null,"expectedTimeOnBelt":null,"checkinAllocations":null,"transferPositions":null,"aircraftType":null,"aircraftRegistration":null,"expectedTimeGateOpen":null,"expectedTimeBoarding":null,"expectedTimeGateClosing":null,"schemaVersion":"1.0"},{"id":90494,"flightName":"AT851","scheduleDate":"2015-08-19","flightDirection":"D","flightNumber":null,"prefixIATA":"AT","prefixICAO":null,"scheduleTime":"17:40:00","serviceType":null,"mainFlight":"AT851","codeshares":null,"estimatedLandingTime":null,"actualLandingTime":null,"publicEstimatedOffBlockTime":null,"actualOffBlockTime":null,"publicFlightState":null,"route":{"destinations":["CMN"]},"terminal":null,"gate":null,"baggageClaim":null,"expectedTimeOnBelt":null,"checkinAllocations":null,"transferPositions":null,"aircraftType":null,"aircraftRegistration":null,"expectedTimeGateOpen":null,"expectedTimeBoarding":null,"expectedTimeGateClosing":null,"schemaVersion":"1.0"},{"id":90558,"flightName":"AT851","scheduleDate":"2015-08-20","flightDirection":"D","flightNumber":null,"prefixIATA":"AT","prefixICAO":null,"scheduleTime":"17:40:00","serviceType":null,"mainFlight":"AT851","codeshares":null,"estimatedLandingTime":null,"actualLandingTime":null,"publicEstimatedOffBlockTime":null,"actualOffBlockTime":null,"publicFlightState":null,"route":{"destinations":["CMN"]},"terminal":null,"gate":null,"baggageClaim":null,"expectedTimeOnBelt":null,"checkinAllocations":null,"transferPositions":null,"aircraftType":null,"aircraftRegistration":null,"expectedTimeGateOpen":null,"expectedTimeBoarding":null,"expectedTimeGateClosing":null,"schemaVersion":"1.0"},{"id":90559,"flightName":"OS374","scheduleDate":"2015-08-20","flightDirection":"D","flightNumber":null,"prefixIATA":"OS","prefixICAO":null,"scheduleTime":"17:40:00","serviceType":null,"mainFlight":"OS374","codeshares":null,"estimatedLandingTime":null,"actualLandingTime":null,"publicEstimatedOffBlockTime":null,"actualOffBlockTime":null,"publicFlightState":null,"route":{"destinations":["VIE"]},"terminal":null,"gate":null,"baggageClaim":null,"expectedTimeOnBelt":null,"checkinAllocations":null,"transferPositions":null,"aircraftType":null,"aircraftRegistration":null,"expectedTimeGateOpen":null,"expectedTimeBoarding":null,"expectedTimeGateClosing":null,"schemaVersion":"1.0"},{"id":90660,"flightName":"AT851","scheduleDate":"2015-08-30","flightDirection":"D","flightNumber":null,"prefixIATA":"AT","prefixICAO":null,"scheduleTime":"17:40:00","serviceType":null,"mainFlight":"AT851","codeshares":null,"estimatedLandingTime":null,"actualLandingTime":null,"publicEstimatedOffBlockTime":null,"actualOffBlockTime":null,"publicFlightState":null,"route":{"destinations":["CMN"]},"terminal":null,"gate":null,"baggageClaim":null,"expectedTimeOnBelt":null,"checkinAllocations":null,"transferPositions":null,"aircraftType":null,"aircraftRegistration":null,"expectedTimeGateOpen":null,"expectedTimeBoarding":null,"expectedTimeGateClosing":null,"schemaVersion":"1.0"},{"id":90662,"flightName":"AT851","scheduleDate":"2015-08-29","flightDirection":"D","flightNumber":null,"prefixIATA":"AT","prefixICAO":null,"scheduleTime":"17:40:00","serviceType":null,"mainFlight":"AT851","codeshares":null,"estimatedLandingTime":null,"actualLandingTime":null,"publicEstimatedOffBlockTime":null,"actualOffBlockTime":null,"publicFlightState":null,"route":{"destinations":["CMN"]},"terminal":null,"gate":null,"baggageClaim":null,"expectedTimeOnBelt":null,"checkinAllocations":null,"transferPositions":null,"aircraftType":null,"aircraftRegistration":null,"expectedTimeGateOpen":null,"expectedTimeBoarding":null,"expectedTimeGateClosing":null,"schemaVersion":"1.0"},{"id":90664,"flightName":"AT851","scheduleDate":"2015-08-28","flightDirection":"D","flightNumber":null,"prefixIATA":"AT","prefixICAO":null,"scheduleTime":"17:40:00","serviceType":null,"mainFlight":"AT851","codeshares":null,"estimatedLandingTime":null,"actualLandingTime":null,"publicEstimatedOffBlockTime":null,"actualOffBlockTime":null,"publicFlightState":null,"route":{"destinations":["CMN"]},"terminal":null,"gate":null,"baggageClaim":null,"expectedTimeOnBelt":null,"checkinAllocations":null,"transferPositions":null,"aircraftType":null,"aircraftRegistration":null,"expectedTimeGateOpen":null,"expectedTimeBoarding":null,"expectedTimeGateClosing":null,"schemaVersion":"1.0"},{"id":90666,"flightName":"AT851","scheduleDate":"2015-08-26","flightDirection":"D","flightNumber":null,"prefixIATA":"AT","prefixICAO":null,"scheduleTime":"17:40:00","serviceType":null,"mainFlight":"AT851","codeshares":null,"estimatedLandingTime":null,"actualLandingTime":null,"publicEstimatedOffBlockTime":null,"actualOffBlockTime":null,"publicFlightState":null,"route":{"destinations":["CMN"]},"terminal":null,"gate":null,"baggageClaim":null,"expectedTimeOnBelt":null,"checkinAllocations":null,"transferPositions":null,"aircraftType":null,"aircraftRegistration":null,"expectedTimeGateOpen":null,"expectedTimeBoarding":null,"expectedTimeGateClosing":null,"schemaVersion":"1.0"},{"id":90668,"flightName":"AT851","scheduleDate":"2015-08-25","flightDirection":"D","flightNumber":null,"prefixIATA":"AT","prefixICAO":null,"scheduleTime":"17:40:00","serviceType":null,"mainFlight":"AT851","codeshares":null,"estimatedLandingTime":null,"actualLandingTime":null,"publicEstimatedOffBlockTime":null,"actualOffBlockTime":null,"publicFlightState":null,"route":{"destinations":["CMN"]},"terminal":null,"gate":null,"baggageClaim":null,"expectedTimeOnBelt":null,"checkinAllocations":null,"transferPositions":null,"aircraftType":null,"aircraftRegistration":null,"expectedTimeGateOpen":null,"expectedTimeBoarding":null,"expectedTimeGateClosing":null,"schemaVersion":"1.0"},{"id":90670,"flightName":"AT851","scheduleDate":"2015-08-31","flightDirection":"D","flightNumber":null,"prefixIATA":"AT","prefixICAO":null,"scheduleTime":"17:40:00","serviceType":null,"mainFlight":"AT851","codeshares":null,"estimatedLandingTime":null,"actualLandingTime":null,"publicEstimatedOffBlockTime":null,"actualOffBlockTime":null,"publicFlightState":null,"route":{"destinations":["CMN"]},"terminal":null,"gate":null,"baggageClaim":null,"expectedTimeOnBelt":null,"checkinAllocations":null,"transferPositions":null,"aircraftType":null,"aircraftRegistration":null,"expectedTimeGateOpen":null,"expectedTimeBoarding":null,"expectedTimeGateClosing":null,"schemaVersion":"1.0"},{"id":90680,"flightName":"A3423","scheduleDate":"2015-08-28","flightDirection":"D","flightNumber":null,"prefixIATA":"A3","prefixICAO":null,"scheduleTime":"17:40:00","serviceType":null,"mainFlight":"A3423","codeshares":null,"estimatedLandingTime":null,"actualLandingTime":null,"publicEstimatedOffBlockTime":null,"actualOffBlockTime":null,"publicFlightState":null,"route":{"destinations":["HER"]},"terminal":null,"gate":null,"baggageClaim":null,"expectedTimeOnBelt":null,"checkinAllocations":null,"transferPositions":null,"aircraftType":null,"aircraftRegistration":null,"expectedTimeGateOpen":null,"expectedTimeBoarding":null,"expectedTimeGateClosing":null,"schemaVersion":"1.0"},{"id":90682,"flightName":"A3423","scheduleDate":"2015-08-25","flightDirection":"D","flightNumber":null,"prefixIATA":"A3","prefixICAO":null,"scheduleTime":"17:40:00","serviceType":null,"mainFlight":"A3423","codeshares":null,"estimatedLandingTime":null,"actualLandingTime":null,"publicEstimatedOffBlockTime":null,"actualOffBlockTime":null,"publicFlightState":null,"route":{"destinations":["HER"]},"terminal":null,"gate":null,"baggageClaim":null,"expectedTimeOnBelt":null,"checkinAllocations":null,"transferPositions":null,"aircraftType":null,"aircraftRegistration":null,"expectedTimeGateOpen":null,"expectedTimeBoarding":null,"expectedTimeGateClosing":null,"schemaVersion":"1.0"},{"id":91331,"flightName":"OS374","scheduleDate":"2015-08-26","flightDirection":"D","flightNumber":null,"prefixIATA":"OS","prefixICAO":null,"scheduleTime":"17:40:00","serviceType":null,"mainFlight":"OS374","codeshares":null,"estimatedLandingTime":null,"actualLandingTime":null,"publicEstimatedOffBlockTime":null,"actualOffBlockTime":null,"publicFlightState":null,"route":{"destinations":["VIE"]},"terminal":null,"gate":null,"baggageClaim":null,"expectedTimeOnBelt":null,"checkinAllocations":null,"transferPositions":null,"aircraftType":null,"aircraftRegistration":null,"expectedTimeGateOpen":null,"expectedTimeBoarding":null,"expectedTimeGateClosing":null,"schemaVersion":"1.0"},{"id":91333,"flightName":"OS374","scheduleDate":"2015-08-27","flightDirection":"D","flightNumber":null,"prefixIATA":"OS","prefixICAO":null,"scheduleTime":"17:40:00","serviceType":null,"mainFlight":"OS374","codeshares":null,"estimatedLandingTime":null,"actualLandingTime":null,"publicEstimatedOffBlockTime":null,"actualOffBlockTime":null,"publicFlightState":null,"route":{"destinations":["VIE"]},"terminal":null,"gate":null,"baggageClaim":null,"expectedTimeOnBelt":null,"checkinAllocations":null,"transferPositions":null,"aircraftType":null,"aircraftRegistration":null,"expectedTimeGateOpen":null,"expectedTimeBoarding":null,"expectedTimeGateClosing":null,"schemaVersion":"1.0"},{"id":91335,"flightName":"OS374","scheduleDate":"2015-08-28","flightDirection":"D","flightNumber":null,"prefixIATA":"OS","prefixICAO":null,"scheduleTime":"17:40:00","serviceType":null,"mainFlight":"OS374","codeshares":null,"estimatedLandingTime":null,"actualLandingTime":null,"publicEstimatedOffBlockTime":null,"actualOffBlockTime":null,"publicFlightState":null,"route":{"destinations":["VIE"]},"terminal":null,"gate":null,"baggageClaim":null,"expectedTimeOnBelt":null,"checkinAllocations":null,"transferPositions":null,"aircraftType":null,"aircraftRegistration":null,"expectedTimeGateOpen":null,"expectedTimeBoarding":null,"expectedTimeGateClosing":null,"schemaVersion":"1.0"},{"id":91337,"flightName":"OS374","scheduleDate":"2015-08-29","flightDirection":"D","flightNumber":null,"prefixIATA":"OS","prefixICAO":null,"scheduleTime":"17:40:00","serviceType":null,"mainFlight":"OS374","codeshares":null,"estimatedLandingTime":null,"actualLandingTime":null,"publicEstimatedOffBlockTime":null,"actualOffBlockTime":null,"publicFlightState":null,"route":{"destinations":["VIE"]},"terminal":null,"gate":null,"baggageClaim":null,"expectedTimeOnBelt":null,"checkinAllocations":null,"transferPositions":null,"aircraftType":null,"aircraftRegistration":null,"expectedTimeGateOpen":null,"expectedTimeBoarding":null,"expectedTimeGateClosing":null,"schemaVersion":"1.0"}],"schemaVersion":"1.0"}
