{"flights":[{"id":90761,"flightName":"BA430","scheduleDate":"2015-08-27","flightDirection":"A","flightNumber":null,"prefixIATA":"BA","prefixICAO":null,"scheduleTime":"10:40:00","serviceType":null,"mainFlight":"BA430","codeshares":null,"estimatedLandingTime":null,"actualLandingTime":null,"publicEstimatedOffBlockTime":null,"actualOffBlockTime":null,"publicFlightState":null,"route":{"destinations":["LHR"]},"terminal":null,"gate":null,"baggageClaim":null,"expectedTimeOnBelt":null,"checkinAllocations":null,"transferPositions":null,"aircraftType":null,"aircraftRegistration":null,"expectedTimeGateOpen":null,"expectedTimeBoarding":null,"expectedTimeGateClosing":null,"schemaVersion":"1.0"},{"id":90763,"flightName":"BA430","scheduleDate":"2015-08-28","flightDirection":"A","flightNumber":null,"prefixIATA":"BA","prefixICAO":null,"scheduleTime":"10:40:00","serviceType":null,"mainFlight":"BA430","codeshares":null,"estimatedLandingTime":null,"actualLandingTime":null,"publicEstimatedOffBlockTime":null,"actualOffBlockTime":null,"publicFlightState":null,"route":{"destinations":["LHR"]},"terminal":null,"gate":null,"baggageClaim":null,"expectedTimeOnBelt":null,"checkinAllocations":null,"transferPositions":null,"aircraftType":null,"aircraftRegistration":null,"expectedTimeGateOpen":null,"expectedTimeBoarding":null,"expectedTimeGateClosing":null,"schemaVersion":"1.0"},{"id":90765,"flightName":"BA430","scheduleDate":"2015-08-29","flightDirection":"A","flightNumber":null,"prefixIATA":"BA","prefixICAO":null,"scheduleTime":"10:40:00","serviceType":null,"mainFlight":"BA430","codeshares":null,"estimatedLandingTime":null,"actualLandingTime":null,"publicEstimatedOffBlockTime":null,"actualOffBlockTime":null,"publicFlightState":null,"route":{"destinations":["LHR"]},"terminal":null,"gate":null,"baggageClaim":null,"expectedTimeOnBelt":null,"checkinAllocations":null,"transferPositions":null,"aircraftType":null,"aircraftRegistration":null,"expectedTimeGateOpen":null,"expectedTimeBoarding":null,"expectedTimeGateClosing":null,"schemaVersion":"1.0"},{"id":90767,"flightName":"BA430","scheduleDate":"2015-08-30","flightDirection":"A","flightNumber":null,"prefixIATA":"BA","prefixICAO":null,"scheduleTime":"10:40:00","serviceType":null,"mainFlight":"BA430","codeshares":null,"estimatedLandingTime":null,"actualLandingTime":null,"publicEstimatedOffBlockTime":null,"actualOffBlockTime":null,"publicFlightState":null,"route":{"destinations":["LHR"]},"terminal":null,"gate":null,"baggageClaim":null,"expectedTimeOnBelt":null,"checkinAllocations":null,"transferPositions":null,"aircraftType":null,"aircraftRegistration":null,"expectedTimeGateOpen":null,"expectedTimeBoarding":null,"expectedTimeGateClosing":null,"schemaVersion":"1.0"},{"id":90769,"flightName":"BA430","scheduleDate":"2015-08-31","flightDirection":"A","flightNumber":null,"prefixIATA":"BA","prefixICAO":null,"scheduleTime":"10:40:00","serviceType":null,"mainFlight":"BA430","codeshares":null,"estimatedLandingTime":null,"actualLandingTime":null,"publicEstimatedOffBlockTime":null,"actualOffBlockTime":null,"publicFlightState":null,"route":{"destinations":["LHR"]},"terminal":null,"gate":null,"baggageClaim":null,"expectedTimeOnBelt":null,"checkinAllocations":null,"transferPositions":null,"aircraftType":null,"aircraftRegistration":null,"expectedTimeGateOpen":null,"expectedTimeBoarding":null,"expectedTimeGateClosing":null,"schemaVersion":"1.0"},{"id":90876,"flightName":"BA8496","scheduleDate":"2015-08-25","flightDirection":"D","flightNumber":null,"prefixIATA":"BA","prefixICAO":null,"scheduleTime":"10:40:00","serviceType":null,"mainFlight":"BA8496","codeshares":null,"estimatedLandingTime":null,"actualLandingTime":null,"publicEstimatedOffBlockTime":null,"actualOffBlockTime":null,"publicFlightState":null,"route":{"destinations":["LCY"]},"terminal":null,"gate":null,"baggageClaim":null,"expectedTimeOnBelt":null,"checkinAllocations":null,"transferPositions":null,"aircraftType":null,"aircraftRegistration":null,"expectedTimeGateOpen":null,"expectedTimeBoarding":null,"expectedTimeGateClosing":null,"schemaVersion":"1.0"},{"id":90878,"flightName":"BA8496","scheduleDate":"2015-08-26","flightDirection":"D","flightNumber":null,"prefixIATA":"BA","prefixICAO":null,"scheduleTime":"10:40:00","serviceType":null,"mainFlight":"BA8496","codeshares":null,"estimatedLandingTime":null,"actualLandingTime":null,"publicEstimatedOffBlockTime":null,"actualOffBlockTime":null,"publicFlightState":null,"route":{"destinations":["LCY"]},"terminal":null,"gate":null,"baggageClaim":null,"expectedTimeOnBelt":null,"checkinAllocations":null,"transferPositions":null,"aircraftType":null,"aircraftRegistration":null,"expectedTimeGateOpen":null,"expectedTimeBoarding":null,"expectedTimeGateClosing":null,"schemaVersion":"1.0"},{"id":90880,"flightName":"BA8496","scheduleDate":"2015-08-27","flightDirection":"D","flightNumber":null,"prefixIATA":"BA","prefixICAO":null,"scheduleTime":"10:40:00","serviceType":null,"mainFlight":"BA8496","codeshares":null,"estimatedLandingTime":null,"actualLandingTime":null,"publicEstimatedOffBlockTime":null,"actualOffBlockTime":null,"publicFlightState":null,"route":{"destinations":["LCY"]},"terminal":null,"gate":null,"baggageClaim":null,"expectedTimeOnBelt":null,"checkinAllocations":null,"transferPositions":null,"aircraftType":null,"aircraftRegistration":null,"expectedTimeGateOpen":null,"expectedTimeBoarding":null,"expectedTimeGateClosing":null,"schemaVersion":"1.0"},{"id":91418,"flightName":"PC673","scheduleDate":"2015-08-26","flightDirection":"A","flightNumber":null,"prefixIATA":"PC","prefixICAO":null,"scheduleTime":"10:40:00","serviceType":null,"mainFlight":"PC673","codeshares":null,"estimatedLandingTime":null,"actualLandingTime":null,"publicEstimatedOffBlockTime":null,"actualOffBlockTime":null,"publicFlightState":null,"route":{"destinations":["ASR"]},"terminal":null,"gate":null,"baggageClaim":null,"expectedTimeOnBelt":null,"checkinAllocations":null,"transferPositions":null,"aircraftType":null,"aircraftRegistration":null,"expectedTimeGateOpen":null,"expectedTimeBoarding":null,"expectedTimeGateClosing":null,"schemaVersion":"1.0"},{"id":91598,"flightName":"TU880","scheduleDate":"2015-08-28","flightDirection":"A","flightNumber":null,"prefixIATA":"TU","prefixICAO":null,"scheduleTime":"10:40:00","serviceType":null,"mainFlight":"TU880","codeshares":null,"estimatedLandingTime":null,"actualLandingTime":null,"publicEstimatedOffBlockTime":null,"actualOffBlockTime":null,"publicFlightState":null,"route":{"destinations":["TUN"]},"terminal":null,"gate":null,"baggageClaim":null,"expectedTimeOnBelt":null,"checkinAllocations":null,"transferPositions":null,"aircraftType":null,"aircraftRegistration":null,"expectedTimeGateOpen":null,"expectedTimeBoarding":null,"expectedTimeGateClosing":null,"schemaVersion":"1.0"},{"id":90482,"flightName":"BA8451","scheduleDate":"2015-08-20","flightDirection":"A","flightNumber":null,"prefixIATA":"BA","prefixICAO":null,"scheduleTime":"10:45:00","serviceType":null,"mainFlight":"BA8451","codeshares":null,"estimatedLandingTime":null,"actualLandingTime":null,"publicEstimatedOffBlockTime":null,"actualOffBlockTime":null,"publicFlightState":null,"route":{"destinations":["LCY"]},"terminal":null,"gate":null,"baggageClaim":null,"expectedTimeOnBelt":null,"checkinAllocations":null,"transferPositions":null,"aircraftType":null,"aircraftRegistration":null,"expectedTimeGateOpen":null,"expectedTimeBoarding":null,"expectedTimeGateClosing":null,"schemaVersion":"1.0"},{"id":90526,"flightName":"VY1375","scheduleDate":"2015-08-20","flightDirection":"D","flightNumber":null,"prefixIATA":"VY","prefixICAO":null,"scheduleTime":"10:45:00","serviceType":null,"mainFlight":"VY1375","codeshares":null,"estimatedLandingTime":null,"actualLandingTime":null,"publicEstimatedOffBlockTime":null,"actualOffBlockTime":null,"publicFlightState":null,"route":{"destinations":["ALC"]},"terminal":null,"gate":null,"baggageClaim":null,"expectedTimeOnBelt":null,"checkinAllocations":null,"transferPositions":null,"aircraftType":null,"aircraftRegistration":null,"expectedTimeGateOpen":null,"expectedTimeBoarding":null,"expectedTimeGateClosing":null,"schemaVersion":"1.0"},{"id":90849,"flightName":"BA8451","scheduleDate":"2015-08-27","flightDirection":"A","flightNumber":null,"prefixIATA":"BA","prefixICAO":null,"scheduleTime":"10:45:00","serviceType":null,"mainFlight":"BA8451","codeshares":null,"estimatedLandingTime":null,"actualLandingTime":null,"publicEstimatedOffBlockTime":null,"actualOffBlockTime":null,"publicFlightState":null,"route":{"destinations":["LCY"]},"terminal":null,"gate":null,"baggageClaim":null,"expectedTimeOnBelt":null,"checkinAllocations":null,"transferPositions":null,"aircraftType":null,"aircraftRegistration":null,"expectedTimeGateOpen":null,"expectedTimeBoarding":null,"expectedTimeGateClosing":null,"schemaVersion":"1.0"},{"id":91600,"flightName":"TU880","scheduleDate":"2015-08-25","flightDirection":"A","flightNumber":null,"prefixIATA":"TU","prefixICAO":null,"scheduleTime":"10:45:00","serviceType":null,"mainFlight":"TU880","codeshares":null,"estimatedLandingTime":null,"actualLandingTime":null,"publicEstimatedOffBlockTime":null,"actualOffBlockTime":null,"publicFlightState":null,"route":{"destinations":["TUN"]},"terminal":null,"gate":null,"baggageClaim":null,"expectedTimeOnBelt":null,"checkinAllocations":null,"transferPositions":null,"aircraftType":null,"aircraftRegistration":null,"expectedTimeGateOpen":null,"expectedTimeBoarding":null,"expectedTimeGateClosing":null,"schemaVersion":"1.0"},{"id":91613,"flightName":"VY1375","scheduleDate":"2015-08-27","flightDirection":"D","flightNumber":null,"prefixIATA":"VY","prefixICAO":null,"scheduleTime":"10:45:00","serviceType":null,"mainFlight":"VY1375","codeshares":null,"estimatedLandingTime":null,"actualLandingTime":null,"publicEstimatedOffBlockTime":null,"actualOffBlockTime":null,"publicFlightState":null,"route":{"destinations":["ALC"]},"terminal":null,"gate":null,"baggageClaim":null,"expectedTimeOnBelt":null,"checkinAllocations":null,"transferPositions":null,"aircraftType":null,"aircraftRegistration":null,"expectedTimeGateOpen":null,"expectedTimeBoarding":null,"expectedTimeGateClosing":null,"schemaVersion":"1.0"},{"id":91017,"flightName":"KM396","scheduleDate":"2015-08-30","flightDirection":"A","flightNumber":null,"prefixIATA":"KM","prefixICAO":null,"scheduleTime":"10:50:00","serviceType":null,"mainFlight":"KM396","codeshares":null,"estimatedLandingTime":null,"actualLandingTime":null,"publicEstimatedOffBlockTime":null,"actualOffBlockTime":null,"publicFlightState":null,"route":{"destinations":["MLA"]},"terminal":null,"gate":null,"baggageClaim":null,"expectedTimeOnBelt":null,"checkinAllocations":null,"transferPositions":null,"aircraftType":null,"aircraftRegistration":null,"expectedTimeGateOpen":null,"expectedTimeBoarding":null,"expectedTimeGateClosing":null,"schemaVersion":"1.0"},{"id":91021,"flightName":"KM396","scheduleDate":"2015-08-28","flightDirection":"A","flightNumber":null,"prefixIATA":"KM","prefixICAO":null,"scheduleTime":"10:50:00","serviceType":null,"mainFlight":"KM396","codeshares":null,"estimatedLandingTime":null,"actualLandingTime":null,"publicEstimatedOffBlockTime":null,"actualOffBlockTime":null,"publicFlightState":null,"route":{"destinations":["MLA"]},"terminal":null,"gate":null,"baggageClaim":null,"expectedTimeOnBelt":null,"checkinAllocations":null,"transferPositions":null,"aircraftType":null,"aircraftRegistration":null,"expectedTimeGateOpen":null,"expectedTimeBoarding":null,"expectedTimeGateClosing":null,"schemaVersion":"1.0"},{"id":91025,"flightName":"KM396","scheduleDate":"2015-08-26","flightDirection":"A","flightNumber":null,"prefixIATA":"KM","prefixICAO":null,"scheduleTime":"10:50:00","serviceType":null,"mainFlight":"KM396","codeshares":null,"estimatedLandingTime":null,"actualLandingTime":null,"publicEstimatedOffBlockTime":null,"actualOffBlockTime":null,"publicFlightState":null,"route":{"destinations":["MLA"]},"terminal":null,"gate":null,"baggageClaim":null,"expectedTimeOnBelt":null,"checkinAllocations":null,"transferPositions":null,"aircraftType":null,"aircraftRegistration":null,"expectedTimeGateOpen":null,"expectedTimeBoarding":null,"expectedTimeGateClosing":null,"schemaVersion":"1.0"},{"id":91027,"flightName":"KM396","scheduleDate":"2015-08-25","flightDirection":"A","flightNumber":null,"prefixIATA":"KM","prefixICAO":null,"scheduleTime":"10:50:00","serviceType":null,"mainFlight":"KM396","codeshares":null,"estimatedLandingTime":null,"actualLandingTime":null,"publicEstimatedOffBlockTime":null,"actualOffBlockTime":null,"publicFlightState":null,"route":{"destinations":["MLA"]},"terminal":null,"gate":null,"baggageClaim":null,"expectedTimeOnBelt":null,"checkinAllocations":null,"transferPositions":null,"aircraftType":null,"aircraftRegistration":null,"expectedTimeGateOpen":null,"expectedTimeBoarding":null,"expectedTimeGateClosing":null,"schemaVersion":"1.0"},{"id":91029,"flightName":"KM396","scheduleDate":"2015-08-31","flightDirection":"A","flightNumber":null,"prefixIATA":"KM","prefixICAO":null,"scheduleTime":"10:50:00","serviceType":null,"mainFlight":"KM396","codeshares":null,"estimatedLandingTime":null,"actualLandingTime":null,"publicEstimatedOffBlockTime":null,"actualOffBlockTime":null,"publicFlightState":null,"route":{"destinations":["MLA"]},"terminal":null,"gate":null,"baggageClaim":null,"expectedTimeOnBelt":null,"checkinAllocations":null,"transferPositions":null,"aircraftType":null,"aircraftRegistration":null,"expectedTimeGateOpen":null,"expectedTimeBoarding":null,"expectedTimeGateClosing":null,"schemaVersion":"1.0"}],"schemaVersion":"1.0"}
