{"flights":[{"id":91900,"flightName":"HV1981","scheduleDate":"2015-08-25","flightDirection":"D","flightNumber":null,"prefixIATA":"HV","prefixICAO":null,"scheduleTime":"14:15:00","serviceType":null,"mainFlight":"HV1981","codeshares":null,"estimatedLandingTime":null,"actualLandingTime":null,"publicEstimatedOffBlockTime":null,"actualOffBlockTime":null,"publicFlightState":null,"route":{"destinations":["HRG"]},"terminal":null,"gate":null,"baggageClaim":null,"expectedTimeOnBelt":null,"checkinAllocations":null,"transferPositions":null,"aircraftType":null,"aircraftRegistration":null,"expectedTimeGateOpen":null,"expectedTimeBoarding":null,"expectedTimeGateClosing":null,"schemaVersion":"1.0"},{"id":91632,"flightName":"VY3323","scheduleDate":"2015-08-29","flightDirection":"D","flightNumber":null,"prefixIATA":"VY","prefixICAO":null,"scheduleTime":"14:20:00","serviceType":null,"mainFlight":"VY3323","codeshares":null,"estimatedLandingTime":null,"actualLandingTime":null,"publicEstimatedOffBlockTime":null,"actualOffBlockTime":null,"publicFlightState":null,"route":{"destinations":["IBZ"]},"terminal":null,"gate":null,"baggageClaim":null,"expectedTimeOnBelt":null,"checkinAllocations":null,"transferPositions":null,"aircraftType":null,"aircraftRegistration":null,"expectedTimeGateOpen":null,"expectedTimeBoarding":null,"expectedTimeGateClosing":null,"schemaVersion":"1.0"},{"id":91679,"flightName":"VY8303","scheduleDate":"2015-08-30","flightDirection":"D","flightNumber":null,"prefixIATA":"VY","prefixICAO":null,"scheduleTime":"14:20:00","serviceType":null,"mainFlight":"VY8303","codeshares":null,"estimatedLandingTime":null,"actualLandingTime":null,"publicEstimatedOffBlockTime":null,"actualOffBlockTime":null,"publicFlightState":null,"route":{"destinations":["BCN"]},"terminal":null,"gate":null,"baggageClaim":null,"expectedTimeOnBelt":null,"checkinAllocations":null,"transferPositions":null,"aircraftType":null,"aircraftRegistration":null,"expectedTimeGateOpen":null,"expectedTimeBoarding":null,"expectedTimeGateClosing":null,"schemaVersion":"1.0"},{"id":91881,"flightName":"HV989","scheduleDate":"2015-08-25","flightDirection":"D","flightNumber":null,"prefixIATA":"HV","prefixICAO":null,"scheduleTime":"14:20:00","serviceType":null,"mainFlight":"HV989","codeshares":null,"estimatedLandingTime":null,"actualLandingTime":null,"publicEstimatedOffBlockTime":null,"actualOffBlockTime":null,"publicFlightState":null,"route":{"destinations":["RMF"]},"terminal":null,"gate":null,"baggageClaim":null,"expectedTimeOnBelt":null,"checkinAllocations":null,"transferPositions":null,"aircraftType":null,"aircraftRegistration":null,"expectedTimeGateOpen":null,"expectedTimeBoarding":null,"expectedTimeGateClosing":null,"schemaVersion":"1.0"},{"id":91607,"flightName":"VY1375","scheduleDate":"2015-08-30","flightDirection":"D","flightNumber":null,"prefixIATA":"VY","prefixICAO":null,"scheduleTime":"14:30:00","serviceType":null,"mainFlight":"VY1375","codeshares":null,"estimatedLandingTime":null,"actualLandingTime":null,"publicEstimatedOffBlockTime":null,"actualOffBlockTime":null,"publicFlightState":null,"route":{"destinations":["ALC"]},"terminal":null,"gate":null,"baggageClaim":null,"expectedTimeOnBelt":null,"checkinAllocations":null,"transferPositions":null,"aircraftType":null,"aircraftRegistration":null,"expectedTimeGateOpen":null,"expectedTimeBoarding":null,"expectedTimeGateClosing":null,"schemaVersion":"1.0"},{"id":91616,"flightName":"VY1374","scheduleDate":"2015-08-25","flightDirection":"A","flightNumber":null,"prefixIATA":"VY","prefixICAO":null,"scheduleTime":"14:30:00","serviceType":null,"mainFlight":"VY1374","codeshares":null,"estimatedLandingTime":null,"actualLandingTime":null,"publicEstimatedOffBlockTime":null,"actualOffBlockTime":null,"publicFlightState":null,"route":{"destinations":["ALC"]},"terminal":null,"gate":null,"baggageClaim":null,"expectedTimeOnBelt":null,"checkinAllocations":null,"transferPositions":null,"aircraftType":null,"aircraftRegistration":null,"expectedTimeGateOpen":null,"expectedTimeBoarding":null,"expectedTimeGateClosing":null,"schemaVersion":"1.0"},{"id":90242,"flightName":"PC672","scheduleDate":"2015-08-18","flightDirection":"D","flightNumber":null,"prefixIATA":"PC","prefixICAO":null,"scheduleTime":"14:35:00","serviceType":null,"mainFlight":"PC672","codeshares":null,"estimatedLandingTime":null,"actualLandingTime":null,"publicEstimatedOffBlockTime":null,"actualOffBlockTime":null,"publicFlightState":null,"route":{"destinations":["SAW"]},"terminal":null,"gate":null,"baggageClaim":null,"expectedTimeOnBelt":null,"checkinAllocations":null,"transferPositions":null,"aircraftType":null,"aircraftRegistration":null,"expectedTimeGateOpen":null,"expectedTimeBoarding":null,"expectedTimeGateClosing":null,"schemaVersion":"1.0"},{"id":90249,"flightName":"PC5298","scheduleDate":"2015-08-18","flightDirection":"D","flightNumber":null,"prefixIATA":"PC","prefixICAO":null,"scheduleTime":"14:35:00","serviceType":null,"mainFlight":"PC5298","codeshares":null,"estimatedLandingTime":null,"actualLandingTime":null,"publicEstimatedOffBlockTime":null,"actualOffBlockTime":null,"publicFlightState":null,"route":{"destinations":["ADB"]},"terminal":null,"gate":null,"baggageClaim":null,"expectedTimeOnBelt":null,"checkinAllocations":null,"transferPositions":null,"aircraftType":null,"aircraftRegistration":null,"expectedTimeGateOpen":null,"expectedTimeBoarding":null,"expectedTimeGateClosing":null,"schemaVersion":"1.0"},{"id":90251,"flightName":"TK1958","scheduleDate":"2015-08-18","flightDirection":"D","flightNumber":null,"prefixIATA":"TK","prefixICAO":null,"scheduleTime":"14:35:00","serviceType":null,"mainFlight":"TK1958","codeshares":null,"estimatedLandingTime":null,"actualLandingTime":null,"publicEstimatedOffBlockTime":null,"actualOffBlockTime":null,"publicFlightState":null,"route":{"destinations":["IST"]},"terminal":null,"gate":null,"baggageClaim":null,"expectedTimeOnBelt":null,"checkinAllocations":null,"transferPositions":null,"aircraftType":null,"aircraftRegistration":null,"expectedTimeGateOpen":null,"expectedTimeBoarding":null,"expectedTimeGateClosing":null,"schemaVersion":"1.0"},{"id":90262,"flightName":"TK1958","scheduleDate":"2015-08-19","flightDirection":"D","flightNumber":null,"prefixIATA":"TK","prefixICAO":null,"scheduleTime":"14:35:00","serviceType":null,"mainFlight":"TK1958","codeshares":null,"estimatedLandingTime":null,"actualLandingTime":null,"publicEstimatedOffBlockTime":null,"actualOffBlockTime":null,"publicFlightState":null,"route":{"destinations":["IST"]},"terminal":null,"gate":null,"baggageClaim":null,"expectedTimeOnBelt":null,"checkinAllocations":null,"transferPositions":null,"aircraftType":null,"aircraftRegistration":null,"expectedTimeGateOpen":null,"expectedTimeBoarding":null,"expectedTimeGateClosing":null,"schemaVersion":"1.0"},{"id":90472,"flightName":"PC672","scheduleDate":"2015-08-19","flightDirection":"D","flightNumber":null,"prefixIATA":"PC","prefixICAO":null,"scheduleTime":"14:35:00","serviceType":null,"mainFlight":"PC672","codeshares":null,"estimatedLandingTime":null,"actualLandingTime":null,"publicEstimatedOffBlockTime":null,"actualOffBlockTime":null,"publicFlightState":null,"route":{"destinations":["SAW"]},"terminal":null,"gate":null,"baggageClaim":null,"expectedTimeOnBelt":null,"checkinAllocations":null,"transferPositions":null,"aircraftType":null,"aircraftRegistration":null,"expectedTimeGateOpen":null,"expectedTimeBoarding":null,"expectedTimeGateClosing":null,"schemaVersion":"1.0"},{"id":90551,"flightName":"TK1958","scheduleDate":"2015-08-20","flightDirection":"D","flightNumber":null,"prefixIATA":"TK","prefixICAO":null,"scheduleTime":"14:35:00","serviceType":null,"mainFlight":"TK1958","codeshares":null,"estimatedLandingTime":null,"actualLandingTime":null,"publicEstimatedOffBlockTime":null,"actualOffBlockTime":null,"publicFlightState":null,"route":{"destinations":["IST"]},"terminal":null,"gate":null,"baggageClaim":null,"expectedTimeOnBelt":null,"checkinAllocations":null,"transferPositions":null,"aircraftType":null,"aircraftRegistration":null,"expectedTimeGateOpen":null,"expectedTimeBoarding":null,"expectedTimeGateClosing":null,"schemaVersion":"1.0"},{"id":90557,"flightName":"PC672","scheduleDate":"2015-08-20","flightDirection":"D","flightNumber":null,"prefixIATA":"PC","prefixICAO":null,"scheduleTime":"14:35:00","serviceType":null,"mainFlight":"PC672","codeshares":null,"estimatedLandingTime":null,"actualLandingTime":null,"publicEstimatedOffBlockTime":null,"actualOffBlockTime":null,"publicFlightState":null,"route":{"destinations":["SAW"]},"terminal":null,"gate":null,"baggageClaim":null,"expectedTimeOnBelt":null,"checkinAllocations":null,"transferPositions":null,"aircraftType":null,"aircraftRegistration":null,"expectedTimeGateOpen":null,"expectedTimeBoarding":null,"expectedTimeGateClosing":null,"schemaVersion":"1.0"},{"id":90607,"flightName":"AT621","scheduleDate":"2015-08-20","flightDirection":"D","flightNumber":null,"prefixIATA":"AT","prefixICAO":null,"scheduleTime":"14:35:00","serviceType":null,"mainFlight":"AT621","codeshares":null,"estimatedLandingTime":null,"actualLandingTime":null,"publicEstimatedOffBlockTime":null,"actualOffBlockTime":null,"publicFlightState":null,"route":{"destinations":["AHU"]},"terminal":null,"gate":null,"baggageClaim":null,"expectedTimeOnBelt":null,"checkinAllocations":null,"transferPositions":null,"aircraftType":null,"aircraftRegistration":null,"expectedTimeGateOpen":null,"expectedTimeBoarding":null,"expectedTimeGateClosing":null,"schemaVersion":"1.0"},{"id":91295,"flightName":"LY338","scheduleDate":"2015-08-26","flightDirection":"D","flightNumber":null,"prefixIATA":"LY","prefixICAO":null,"scheduleTime":"14:35:00","serviceType":null,"mainFlight":"LY338","codeshares":null,"estimatedLandingTime":null,"actualLandingTime":null,"publicEstimatedOffBlockTime":null,"actualOffBlockTime":null,"publicFlightState":null,"route":{"destinations":["TLV"]},"terminal":null,"gate":null,"baggageClaim":null,"expectedTimeOnBelt":null,"checkinAllocations":null,"transferPositions":null,"aircraftType":null,"aircraftRegistration":null,"expectedTimeGateOpen":null,"expectedTimeBoarding":null,"expectedTimeGateClosing":null,"schemaVersion":"1.0"},{"id":91399,"flightName":"PC5298","scheduleDate":"2015-08-25","flightDirection":"D","flightNumber":null,"prefixIATA":"PC","prefixICAO":null,"scheduleTime":"14:35:00","serviceType":null,"mainFlight":"PC5298","codeshares":null,"estimatedLandingTime":null,"actualLandingTime":null,"publicEstimatedOffBlockTime":null,"actualOffBlockTime":null,"publicFlightState":null,"route":{"destinations":["ADB"]},"terminal":null,"gate":null,"baggageClaim":null,"expectedTimeOnBelt":null,"checkinAllocations":null,"transferPositions":null,"aircraftType":null,"aircraftRegistration":null,"expectedTimeGateOpen":null,"expectedTimeBoarding":null,"expectedTimeGateClosing":null,"schemaVersion":"1.0"},{"id":91405,"flightName":"PC672","scheduleDate":"2015-08-25","flightDirection":"D","flightNumber":null,"prefixIATA":"PC","prefixICAO":null,"scheduleTime":"14:35:00","serviceType":null,"mainFlight":"PC672","codeshares":null,"estimatedLandingTime":null,"actualLandingTime":null,"publicEstimatedOffBlockTime":null,"actualOffBlockTime":null,"publicFlightState":null,"route":{"destinations":["SAW"]},"terminal":null,"gate":null,"baggageClaim":null,"expectedTimeOnBelt":null,"checkinAllocations":null,"transferPositions":null,"aircraftType":null,"aircraftRegistration":null,"expectedTimeGateOpen":null,"expectedTimeBoarding":null,"expectedTimeGateClosing":null,"schemaVersion":"1.0"},{"id":91407,"flightName":"PC672","scheduleDate":"2015-08-26","flightDirection":"D","flightNumber":null,"prefixIATA":"PC","prefixICAO":null,"scheduleTime":"14:35:00","serviceType":null,"mainFlight":"PC672","codeshares":null,"estimatedLandingTime":null,"actualLandingTime":null,"publicEstimatedOffBlockTime":null,"actualOffBlockTime":null,"publicFlightState":null,"route":{"destinations":["SAW"]},"terminal":null,"gate":null,"baggageClaim":null,"expectedTimeOnBelt":null,"checkinAllocations":null,"transferPositions":null,"aircraftType":null,"aircraftRegistration":null,"expectedTimeGateOpen":null,"expectedTimeBoarding":null,"expectedTimeGateClosing":null,"schemaVersion":"1.0"},{"id":91409,"flightName":"PC672","scheduleDate":"2015-08-27","flightDirection":"D","flightNumber":null,"prefixIATA":"PC","prefixICAO":null,"scheduleTime":"14:35:00","serviceType":null,"mainFlight":"PC672","codeshares":null,"estimatedLandingTime":null,"actualLandingTime":null,"publicEstimatedOffBlockTime":null,"actualOffBlockTime":null,"publicFlightState":null,"route":{"destinations":["SAW"]},"terminal":null,"gate":null,"baggageClaim":null,"expectedTimeOnBelt":null,"checkinAllocations":null,"transferPositions":null,"aircraftType":null,"aircraftRegistration":null,"expectedTimeGateOpen":null,"expectedTimeBoarding":null,"expectedTimeGateClosing":null,"schemaVersion":"1.0"},{"id":91411,"flightName":"PC672","scheduleDate":"2015-08-28","flightDirection":"D","flightNumber":null,"prefixIATA":"PC","prefixICAO":null,"scheduleTime":"14:35:00","serviceType":null,"mainFlight":"PC672","codeshares":null,"estimatedLandingTime":null,"actualLandingTime":null,"publicEstimatedOffBlockTime":null,"actualOffBlockTime":null,"publicFlightState":null,"route":{"destinations":["SAW"]},"terminal":null,"gate":null,"baggageClaim":null,"expectedTimeOnBelt":null,"checkinAllocations":null,"transferPositions":null,"aircraftType":null,"aircraftRegistration":null,"expectedTimeGateOpen":null,"expectedTimeBoarding":null,"expectedTimeGateClosing":null,"schemaVersion":"1.0"}],"schemaVersion":"1.0"}
