{"flights":[{"id":24630,"flightName":"DL9632","scheduleDate":"2015-02-16","flightDirection":"D","flightNumber":null,"prefixIATA":"DL","prefixICAO":null,"scheduleTime":"07:55:00","serviceType":null,"mainFlight":"KL1277","codeshares":{"codeshares":["CZ7949","DL9632"]},"estimatedLandingTime":null,"actualLandingTime":null,"publicEstimatedOffBlockTime":null,"actualOffBlockTime":null,"publicFlightState":null,"route":{"destinations":["EDI"]},"terminal":null,"gate":null,"baggageClaim":null,"expectedTimeOnBelt":null,"checkinAllocations":null,"transferPositions":null,"aircraftType":null,"aircraftRegistration":null,"expectedTimeGateOpen":null,"expectedTimeBoarding":null,"expectedTimeGateClosing":null,"schemaVersion":"1.0"},{"id":25356,"flightName":"KL1818","scheduleDate":"2015-02-16","flightDirection":"A","flightNumber":null,"prefixIATA":"KL","prefixICAO":null,"scheduleTime":"07:55:00","serviceType":null,"mainFlight":"KL1818","codeshares":{"codeshares":["CZ7976","DL9518","KQ1818","UX3758"]},"estimatedLandingTime":null,"actualLandingTime":null,"publicEstimatedOffBlockTime":null,"actualOffBlockTime":null,"publicFlightState":null,"route":{"destinations":["TXL"]},"terminal":null,"gate":null,"baggageClaim":null,"expectedTimeOnBelt":null,"checkinAllocations":null,"transferPositions":null,"aircraftType":null,"aircraftRegistration":null,"expectedTimeGateOpen":null,"expectedTimeBoarding":null,"expectedTimeGateClosing":null,"schemaVersion":"1.0"},{"id":25356,"flightName":"CZ7976","scheduleDate":"2015-02-16","flightDirection":"A","flightNumber":null,"prefixIATA":"CZ","prefixICAO":null,"scheduleTime":"07:55:00","serviceType":null,"mainFlight":"KL1818","codeshares":{"codeshares":["CZ7976","DL9518","KQ1818","UX3758"]},"estimatedLandingTime":null,"actualLandingTime":null,"publicEstimatedOffBlockTime":null,"actualOffBlockTime":null,"publicFlightState":null,"route":{"destinations":["TXL"]},"terminal":null,"gate":null,"baggageClaim":null,"expectedTimeOnBelt":null,"checkinAllocations":null,"transferPositions":null,"aircraftType":null,"aircraftRegistration":null,"expectedTimeGateOpen":null,"expectedTimeBoarding":null,"expectedTimeGateClosing":null,"schemaVersion":"1.0"},{"id":25356,"flightName":"DL9518","scheduleDate":"2015-02-16","flightDirection":"A","flightNumber":null,"prefixIATA":"DL","prefixICAO":null,"scheduleTime":"07:55:00","serviceType":null,"mainFlight":"KL1818","codeshares":{"codeshares":["CZ7976","DL9518","KQ1818","UX3758"]},"estimatedLandingTime":null,"actualLandingTime":null,"publicEstimatedOffBlockTime":null,"actualOffBlockTime":null,"publicFlightState":null,"route":{"destinations":["TXL"]},"terminal":null,"gate":null,"baggageClaim":null,"expectedTimeOnBelt":null,"checkinAllocations":null,"transferPositions":null,"aircraftType":null,"aircraftRegistration":null,"expectedTimeGateOpen":null,"expectedTimeBoarding":null,"expectedTimeGateClosing":null,"schemaVersion":"1.0"},{"id":25356,"flightName":"KQ1818","scheduleDate":"2015-02-16","flightDirection":"A","flightNumber":null,"prefixIATA":"KQ","prefixICAO":null,"scheduleTime":"07:55:00","serviceType":null,"mainFlight":"KL1818","codeshares":{"codeshares":["CZ7976","DL9518","KQ1818","UX3758"]},"estimatedLandingTime":null,"actualLandingTime":null,"publicEstimatedOffBlockTime":null,"actualOffBlockTime":null,"publicFlightState":null,"route":{"destinations":["TXL"]},"terminal":null,"gate":null,"baggageClaim":null,"expectedTimeOnBelt":null,"checkinAllocations":null,"transferPositions":null,"aircraftType":null,"aircraftRegistration":null,"expectedTimeGateOpen":null,"expectedTimeBoarding":null,"expectedTimeGateClosing":null,"schemaVersion":"1.0"},{"id":25356,"flightName":"UX3758","scheduleDate":"2015-02-16","flightDirection":"A","flightNumber":null,"prefixIATA":"UX","prefixICAO":null,"scheduleTime":"07:55:00","serviceType":null,"mainFlight":"KL1818","codeshares":{"codeshares":["CZ7976","DL9518","KQ1818","UX3758"]},"estimatedLandingTime":null,"actualLandingTime":null,"publicEstimatedOffBlockTime":null,"actualOffBlockTime":null,"publicFlightState":null,"route":{"destinations":["TXL"]},"terminal":null,"gate":null,"baggageClaim":null,"expectedTimeOnBelt":null,"checkinAllocations":null,"transferPositions":null,"aircraftType":null,"aircraftRegistration":null,"expectedTimeGateOpen":null,"expectedTimeBoarding":null,"expectedTimeGateClosing":null,"schemaVersion":"1.0"},{"id":25394,"flightName":"KL1821","scheduleDate":"2015-02-16","flightDirection":"D","flightNumber":null,"prefixIATA":"KL","prefixICAO":null,"scheduleTime":"07:55:00","serviceType":null,"mainFlight":"KL1821","codeshares":{"codeshares":["CZ7655","DL9570","KQ1821"]},"estimatedLandingTime":null,"actualLandingTime":null,"publicEstimatedOffBlockTime":null,"actualOffBlockTime":null,"publicFlightState":null,"route":{"destinations":["TXL"]},"terminal":null,"gate":null,"baggageClaim":null,"expectedTimeOnBelt":null,"checkinAllocations":null,"transferPositions":null,"aircraftType":null,"aircraftRegistration":null,"expectedTimeGateOpen":null,"expectedTimeBoarding":null,"expectedTimeGateClosing":null,"schemaVersion":"1.0"},{"id":25394,"flightName":"CZ7655","scheduleDate":"2015-02-16","flightDirection":"D","flightNumber":null,"prefixIATA":"CZ","prefixICAO":null,"scheduleTime":"07:55:00","serviceType":null,"mainFlight":"KL1821","codeshares":{"codeshares":["CZ7655","DL9570","KQ1821"]},"estimatedLandingTime":null,"actualLandingTime":null,"publicEstimatedOffBlockTime":null,"actualOffBlockTime":null,"publicFlightState":null,"route":{"destinations":["TXL"]},"terminal":null,"gate":null,"baggageClaim":null,"expectedTimeOnBelt":null,"checkinAllocations":null,"transferPositions":null,"aircraftType":null,"aircraftRegistration":null,"expectedTimeGateOpen":null,"expectedTimeBoarding":null,"expectedTimeGateClosing":null,"schemaVersion":"1.0"},{"id":25394,"flightName":"DL9570","scheduleDate":"2015-02-16","flightDirection":"D","flightNumber":null,"prefixIATA":"DL","prefixICAO":null,"scheduleTime":"07:55:00","serviceType":null,"mainFlight":"KL1821","codeshares":{"codeshares":["CZ7655","DL9570","KQ1821"]},"estimatedLandingTime":null,"actualLandingTime":null,"publicEstimatedOffBlockTime":null,"actualOffBlockTime":null,"publicFlightState":null,"route":{"destinations":["TXL"]},"terminal":null,"gate":null,"baggageClaim":null,"expectedTimeOnBelt":null,"checkinAllocations":null,"transferPositions":null,"aircraftType":null,"aircraftRegistration":null,"expectedTimeGateOpen":null,"expectedTimeBoarding":null,"expectedTimeGateClosing":null,"schemaVersion":"1.0"},{"id":25394,"flightName":"KQ1821","scheduleDate":"2015-02-16","flightDirection":"D","flightNumber":null,"prefixIATA":"KQ","prefixICAO":null,"scheduleTime":"07:55:00","serviceType":null,"mainFlight":"KL1821","codeshares":{"codeshares":["CZ7655","DL9570","KQ1821"]},"estimatedLandingTime":null,"actualLandingTime":null,"publicEstimatedOffBlockTime":null,"actualOffBlockTime":null,"publicFlightState":null,"route":{"destinations":["TXL"]},"terminal":null,"gate":null,"baggageClaim":null,"expectedTimeOnBelt":null,"checkinAllocations":null,"transferPositions":null,"aircraftType":null,"aircraftRegistration":null,"expectedTimeGateOpen":null,"expectedTimeBoarding":null,"expectedTimeGateClosing":null,"schemaVersion":"1.0"},{"id":25746,"flightName":"CZ452","scheduleDate":"2015-02-16","flightDirection":"D","flightNumber":null,"prefixIATA":"CZ","prefixICAO":null,"scheduleTime":"07:55:00","serviceType":null,"mainFlight":"CZ452","codeshares":null,"estimatedLandingTime":null,"actualLandingTime":null,"publicEstimatedOffBlockTime":null,"actualOffBlockTime":null,"publicFlightState":null,"route":{"destinations":["VIE","PVG"]},"terminal":null,"gate":null,"baggageClaim":null,"expectedTimeOnBelt":null,"checkinAllocations":null,"transferPositions":null,"aircraftType":null,"aircraftRegistration":null,"expectedTimeGateOpen":null,"expectedTimeBoarding":null,"expectedTimeGateClosing":null,"schemaVersion":"1.0"},{"id":21936,"flightName":"KL0785","scheduleDate":"2015-02-03","flightDirection":"A","flightNumber":null,"prefixIATA":"KL","prefixICAO":null,"scheduleTime":"08:00:00","serviceType":null,"mainFlight":"KL0785","codeshares":null,"estimatedLandingTime":null,"actualLandingTime":null,"publicEstimatedOffBlockTime":null,"actualOffBlockTime":null,"publicFlightState":null,"route":{"destinations":["CUR","SXM"]},"terminal":null,"gate":null,"baggageClaim":null,"expectedTimeOnBelt":null,"checkinAllocations":null,"transferPositions":null,"aircraftType":null,"aircraftRegistration":null,"expectedTimeGateOpen":null,"expectedTimeBoarding":null,"expectedTimeGateClosing":null,"schemaVersion":"1.0"},{"id":23515,"flightName":"LH986","scheduleDate":"2015-02-16","flightDirection":"A","flightNumber":null,"prefixIATA":"LH","prefixICAO":null,"scheduleTime":"08:00:00","serviceType":null,"mainFlight":"LH986","codeshares":null,"estimatedLandingTime":null,"actualLandingTime":null,"publicEstimatedOffBlockTime":null,"actualOffBlockTime":null,"publicFlightState":null,"route":{"destinations":["FRA"]},"terminal":null,"gate":null,"baggageClaim":null,"expectedTimeOnBelt":null,"checkinAllocations":null,"transferPositions":null,"aircraftType":null,"aircraftRegistration":null,"expectedTimeGateOpen":null,"expectedTimeBoarding":null,"expectedTimeGateClosing":null,"schemaVersion":"1.0"},{"id":23567,"flightName":"4U7180","scheduleDate":"2015-02-16","flightDirection":"A","flightNumber":null,"prefixIATA":"4U","prefixICAO":null,"scheduleTime":"08:00:00","serviceType":null,"mainFlight":"4U7180","codeshares":null,"estimatedLandingTime":null,"actualLandingTime":null,"publicEstimatedOffBlockTime":null,"actualOffBlockTime":null,"publicFlightState":null,"route":{"destinations":["HAM"]},"terminal":null,"gate":null,"baggageClaim":null,"expectedTimeOnBelt":null,"checkinAllocations":null,"transferPositions":null,"aircraftType":null,"aircraftRegistration":null,"expectedTimeGateOpen":null,"expectedTimeBoarding":null,"expectedTimeGateClosing":null,"schemaVersion":"1.0"},{"id":23738,"flightName":"AF5182","scheduleDate":"2015-02-16","flightDirection":"D","flightNumber":null,"prefixIATA":"AF","prefixICAO":null,"scheduleTime":"08:00:00","serviceType":null,"mainFlight":"AF5182","codeshares":{"codeshares":["KL2453"]},"estimatedLandingTime":null,"actualLandingTime":null,"publicEstimatedOffBlockTime":null,"actualOffBlockTime":null,"publicFlightState":null,"route":{"destinations":["LCY"]},"terminal":null,"gate":null,"baggageClaim":null,"expectedTimeOnBelt":null,"checkinAllocations":null,"transferPositions":null,"aircraftType":null,"aircraftRegistration":null,"expectedTimeGateOpen":null,"expectedTimeBoarding":null,"expectedTimeGateClosing":null,"schemaVersion":"1.0"},{"id":23738,"flightName":"KL2453","scheduleDate":"2015-02-16","flightDirection":"D","flightNumber":null,"prefixIATA":"KL","prefixICAO":null,"scheduleTime":"08:00:00","serviceType":null,"mainFlight":"AF5182","codeshares":{"codeshares":["KL2453"]},"estimatedLandingTime":null,"actualLandingTime":null,"publicEstimatedOffBlockTime":null,"actualOffBlockTime":null,"publicFlightState":null,"route":{"destinations":["LCY"]},"terminal":null,"gate":null,"baggageClaim":null,"expectedTimeOnBelt":null,"checkinAllocations":null,"transferPositions":null,"aircraftType":null,"aircraftRegistration":null,"expectedTimeGateOpen":null,"expectedTimeBoarding":null,"expectedTimeGateClosing":null,"schemaVersion":"1.0"},{"id":24363,"flightName":"KL1152","scheduleDate":"2015-02-16","flightDirection":"A","flightNumber":null,"prefixIATA":"KL","prefixICAO":null,"scheduleTime":"08:00:00","serviceType":null,"mainFlight":"KL1152","codeshares":{"codeshares":["DL9291","EY7335","KQ1152","MH9212"]},"estimatedLandingTime":null,"actualLandingTime":null,"publicEstimatedOffBlockTime":null,"actualOffBlockTime":null,"publicFlightState":null,"route":{"destinations":["GOT"]},"terminal":null,"gate":null,"baggageClaim":null,"expectedTimeOnBelt":null,"checkinAllocations":null,"transferPositions":null,"aircraftType":null,"aircraftRegistration":null,"expectedTimeGateOpen":null,"expectedTimeBoarding":null,"expectedTimeGateClosing":null,"schemaVersion":"1.0"},{"id":24363,"flightName":"DL9291","scheduleDate":"2015-02-16","flightDirection":"A","flightNumber":null,"prefixIATA":"DL","prefixICAO":null,"scheduleTime":"08:00:00","serviceType":null,"mainFlight":"KL1152","codeshares":{"codeshares":["DL9291","EY7335","KQ1152","MH9212"]},"estimatedLandingTime":null,"actualLandingTime":null,"publicEstimatedOffBlockTime":null,"actualOffBlockTime":null,"publicFlightState":null,"route":{"destinations":["GOT"]},"terminal":null,"gate":null,"baggageClaim":null,"expectedTimeOnBelt":null,"checkinAllocations":null,"transferPositions":null,"aircraftType":null,"aircraftRegistration":null,"expectedTimeGateOpen":null,"expectedTimeBoarding":null,"expectedTimeGateClosing":null,"schemaVersion":"1.0"},{"id":24363,"flightName":"EY7335","scheduleDate":"2015-02-16","flightDirection":"A","flightNumber":null,"prefixIATA":"EY","prefixICAO":null,"scheduleTime":"08:00:00","serviceType":null,"mainFlight":"KL1152","codeshares":{"codeshares":["DL9291","EY7335","KQ1152","MH9212"]},"estimatedLandingTime":null,"actualLandingTime":null,"publicEstimatedOffBlockTime":null,"actualOffBlockTime":null,"publicFlightState":null,"route":{"destinations":["GOT"]},"terminal":null,"gate":null,"baggageClaim":null,"expectedTimeOnBelt":null,"checkinAllocations":null,"transferPositions":null,"aircraftType":null,"aircraftRegistration":null,"expectedTimeGateOpen":null,"expectedTimeBoarding":null,"expectedTimeGateClosing":null,"schemaVersion":"1.0"},{"id":24363,"flightName":"KQ1152","scheduleDate":"2015-02-16","flightDirection":"A","flightNumber":null,"prefixIATA":"KQ","prefixICAO":null,"scheduleTime":"08:00:00","serviceType":null,"mainFlight":"KL1152","codeshares":{"codeshares":["DL9291","EY7335","KQ1152","MH9212"]},"estimatedLandingTime":null,"actualLandingTime":null,"publicEstimatedOffBlockTime":null,"actualOffBlockTime":null,"publicFlightState":null,"route":{"destinations":["GOT"]},"terminal":null,"gate":null,"baggageClaim":null,"expectedTimeOnBelt":null,"checkinAllocations":null,"transferPositions":null,"aircraftType":null,"aircraftRegistration":null,"expectedTimeGateOpen":null,"expectedTimeBoarding":null,"expectedTimeGateClosing":null,"schemaVersion":"1.0"}],"schemaVersion":"1.0"}
