{"flights":[{"id":91472,"flightName":"TK1953","scheduleDate":"2015-08-27","flightDirection":"A","flightNumber":null,"prefixIATA":"TK","prefixICAO":null,"scheduleTime":"17:10:00","serviceType":null,"mainFlight":"TK1953","codeshares":null,"estimatedLandingTime":null,"actualLandingTime":null,"publicEstimatedOffBlockTime":null,"actualOffBlockTime":null,"publicFlightState":null,"route":{"destinations":["IST"]},"terminal":null,"gate":null,"baggageClaim":null,"expectedTimeOnBelt":null,"checkinAllocations":null,"transferPositions":null,"aircraftType":null,"aircraftRegistration":null,"expectedTimeGateOpen":null,"expectedTimeBoarding":null,"expectedTimeGateClosing":null,"schemaVersion":"1.0"},{"id":91474,"flightName":"TK1953","scheduleDate":"2015-08-26","flightDirection":"A","flightNumber":null,"prefixIATA":"TK","prefixICAO":null,"scheduleTime":"17:10:00","serviceType":null,"mainFlight":"TK1953","codeshares":null,"estimatedLandingTime":null,"actualLandingTime":null,"publicEstimatedOffBlockTime":null,"actualOffBlockTime":null,"publicFlightState":null,"route":{"destinations":["IST"]},"terminal":null,"gate":null,"baggageClaim":null,"expectedTimeOnBelt":null,"checkinAllocations":null,"transferPositions":null,"aircraftType":null,"aircraftRegistration":null,"expectedTimeGateOpen":null,"expectedTimeBoarding":null,"expectedTimeGateClosing":null,"schemaVersion":"1.0"},{"id":91476,"flightName":"TK1953","scheduleDate":"2015-08-25","flightDirection":"A","flightNumber":null,"prefixIATA":"TK","prefixICAO":null,"scheduleTime":"17:10:00","serviceType":null,"mainFlight":"TK1953","codeshares":null,"estimatedLandingTime":null,"actualLandingTime":null,"publicEstimatedOffBlockTime":null,"actualOffBlockTime":null,"publicFlightState":null,"route":{"destinations":["IST"]},"terminal":null,"gate":null,"baggageClaim":null,"expectedTimeOnBelt":null,"checkinAllocations":null,"transferPositions":null,"aircraftType":null,"aircraftRegistration":null,"expectedTimeGateOpen":null,"expectedTimeBoarding":null,"expectedTimeGateClosing":null,"schemaVersion":"1.0"},{"id":91478,"flightName":"TK1953","scheduleDate":"2015-08-31","flightDirection":"A","flightNumber":null,"prefixIATA":"TK","prefixICAO":null,"scheduleTime":"17:10:00","serviceType":null,"mainFlight":"TK1953","codeshares":null,"estimatedLandingTime":null,"actualLandingTime":null,"publicEstimatedOffBlockTime":null,"actualOffBlockTime":null,"publicFlightState":null,"route":{"destinations":["IST"]},"terminal":null,"gate":null,"baggageClaim":null,"expectedTimeOnBelt":null,"checkinAllocations":null,"transferPositions":null,"aircraftType":null,"aircraftRegistration":null,"expectedTimeGateOpen":null,"expectedTimeBoarding":null,"expectedTimeGateClosing":null,"schemaVersion":"1.0"},{"id":90490,"flightName":"VY8367","scheduleDate":"2015-08-19","flightDirection":"D","flightNumber":null,"prefixIATA":"VY","prefixICAO":null,"scheduleTime":"17:25:00","serviceType":null,"mainFlight":"VY8367","codeshares":null,"estimatedLandingTime":null,"actualLandingTime":null,"publicEstimatedOffBlockTime":null,"actualOffBlockTime":null,"publicFlightState":null,"route":{"destinations":["AGP"]},"terminal":null,"gate":null,"baggageClaim":null,"expectedTimeOnBelt":null,"checkinAllocations":null,"transferPositions":null,"aircraftType":null,"aircraftRegistration":null,"expectedTimeGateOpen":null,"expectedTimeBoarding":null,"expectedTimeGateClosing":null,"schemaVersion":"1.0"},{"id":91741,"flightName":"VY8367","scheduleDate":"2015-08-26","flightDirection":"D","flightNumber":null,"prefixIATA":"VY","prefixICAO":null,"scheduleTime":"17:25:00","serviceType":null,"mainFlight":"VY8367","codeshares":null,"estimatedLandingTime":null,"actualLandingTime":null,"publicEstimatedOffBlockTime":null,"actualOffBlockTime":null,"publicFlightState":null,"route":{"destinations":["AGP"]},"terminal":null,"gate":null,"baggageClaim":null,"expectedTimeOnBelt":null,"checkinAllocations":null,"transferPositions":null,"aircraftType":null,"aircraftRegistration":null,"expectedTimeGateOpen":null,"expectedTimeBoarding":null,"expectedTimeGateClosing":null,"schemaVersion":"1.0"},{"id":91743,"flightName":"VY8367","scheduleDate":"2015-08-28","flightDirection":"D","flightNumber":null,"prefixIATA":"VY","prefixICAO":null,"scheduleTime":"17:25:00","serviceType":null,"mainFlight":"VY8367","codeshares":null,"estimatedLandingTime":null,"actualLandingTime":null,"publicEstimatedOffBlockTime":null,"actualOffBlockTime":null,"publicFlightState":null,"route":{"destinations":["AGP"]},"terminal":null,"gate":null,"baggageClaim":null,"expectedTimeOnBelt":null,"checkinAllocations":null,"transferPositions":null,"aircraftType":null,"aircraftRegistration":null,"expectedTimeGateOpen":null,"expectedTimeBoarding":null,"expectedTimeGateClosing":null,"schemaVersion":"1.0"},{"id":91745,"flightName":"VY8367","scheduleDate":"2015-08-29","flightDirection":"D","flightNumber":null,"prefixIATA":"VY","prefixICAO":null,"scheduleTime":"17:25:00","serviceType":null,"mainFlight":"VY8367","codeshares":null,"estimatedLandingTime":null,"actualLandingTime":null,"publicEstimatedOffBlockTime":null,"actualOffBlockTime":null,"publicFlightState":null,"route":{"destinations":["AGP"]},"terminal":null,"gate":null,"baggageClaim":null,"expectedTimeOnBelt":null,"checkinAllocations":null,"transferPositions":null,"aircraftType":null,"aircraftRegistration":null,"expectedTimeGateOpen":null,"expectedTimeBoarding":null,"expectedTimeGateClosing":null,"schemaVersion":"1.0"},{"id":91747,"flightName":"VY8367","scheduleDate":"2015-08-30","flightDirection":"D","flightNumber":null,"prefixIATA":"VY","prefixICAO":null,"scheduleTime":"17:25:00","serviceType":null,"mainFlight":"VY8367","codeshares":null,"estimatedLandingTime":null,"actualLandingTime":null,"publicEstimatedOffBlockTime":null,"actualOffBlockTime":null,"publicFlightState":null,"route":{"destinations":["AGP"]},"terminal":null,"gate":null,"baggageClaim":null,"expectedTimeOnBelt":null,"checkinAllocations":null,"transferPositions":null,"aircraftType":null,"aircraftRegistration":null,"expectedTimeGateOpen":null,"expectedTimeBoarding":null,"expectedTimeGateClosing":null,"schemaVersion":"1.0"},{"id":90177,"flightName":"UC1507","scheduleDate":"2015-08-19","flightDirection":"D","flightNumber":null,"prefixIATA":"UC","prefixICAO":null,"scheduleTime":"17:30:00","serviceType":null,"mainFlight":"UC1507","codeshares":null,"estimatedLandingTime":null,"actualLandingTime":null,"publicEstimatedOffBlockTime":null,"actualOffBlockTime":null,"publicFlightState":null,"route":{"destinations":["FRA","VCP","EZE","SCL"]},"terminal":null,"gate":null,"baggageClaim":null,"expectedTimeOnBelt":null,"checkinAllocations":null,"transferPositions":null,"aircraftType":null,"aircraftRegistration":null,"expectedTimeGateOpen":null,"expectedTimeBoarding":null,"expectedTimeGateClosing":null,"schemaVersion":"1.0"},{"id":90194,"flightName":"CK220","scheduleDate":"2015-08-19","flightDirection":"D","flightNumber":null,"prefixIATA":"CK","prefixICAO":null,"scheduleTime":"17:30:00","serviceType":null,"mainFlight":"CK220","codeshares":null,"estimatedLandingTime":null,"actualLandingTime":null,"publicEstimatedOffBlockTime":null,"actualOffBlockTime":null,"publicFlightState":null,"route":{"destinations":["CGO","PVG"]},"terminal":null,"gate":null,"baggageClaim":null,"expectedTimeOnBelt":null,"checkinAllocations":null,"transferPositions":null,"aircraftType":null,"aircraftRegistration":null,"expectedTimeGateOpen":null,"expectedTimeBoarding":null,"expectedTimeGateClosing":null,"schemaVersion":"1.0"},{"id":90274,"flightName":"Y87471","scheduleDate":"2015-08-18","flightDirection":"D","flightNumber":null,"prefixIATA":"Y8","prefixICAO":null,"scheduleTime":"17:30:00","serviceType":null,"mainFlight":"Y87471","codeshares":null,"estimatedLandingTime":null,"actualLandingTime":null,"publicEstimatedOffBlockTime":null,"actualOffBlockTime":null,"publicFlightState":null,"route":{"destinations":["MUC"]},"terminal":null,"gate":null,"baggageClaim":null,"expectedTimeOnBelt":null,"checkinAllocations":null,"transferPositions":null,"aircraftType":null,"aircraftRegistration":null,"expectedTimeGateOpen":null,"expectedTimeBoarding":null,"expectedTimeGateClosing":null,"schemaVersion":"1.0"},{"id":90519,"flightName":"CK220","scheduleDate":"2015-08-21","flightDirection":"D","flightNumber":null,"prefixIATA":"CK","prefixICAO":null,"scheduleTime":"17:30:00","serviceType":null,"mainFlight":"CK220","codeshares":null,"estimatedLandingTime":null,"actualLandingTime":null,"publicEstimatedOffBlockTime":null,"actualOffBlockTime":null,"publicFlightState":null,"route":{"destinations":["CGO","PVG"]},"terminal":null,"gate":null,"baggageClaim":null,"expectedTimeOnBelt":null,"checkinAllocations":null,"transferPositions":null,"aircraftType":null,"aircraftRegistration":null,"expectedTimeGateOpen":null,"expectedTimeBoarding":null,"expectedTimeGateClosing":null,"schemaVersion":"1.0"},{"id":90594,"flightName":"LH996","scheduleDate":"2015-08-21","flightDirection":"A","flightNumber":null,"prefixIATA":"LH","prefixICAO":null,"scheduleTime":"17:30:00","serviceType":null,"mainFlight":"LH996","codeshares":null,"estimatedLandingTime":null,"actualLandingTime":null,"publicEstimatedOffBlockTime":null,"actualOffBlockTime":null,"publicFlightState":null,"route":{"destinations":["FRA"]},"terminal":null,"gate":null,"baggageClaim":null,"expectedTimeOnBelt":null,"checkinAllocations":null,"transferPositions":null,"aircraftType":null,"aircraftRegistration":null,"expectedTimeGateOpen":null,"expectedTimeBoarding":null,"expectedTimeGateClosing":null,"schemaVersion":"1.0"},{"id":91160,"flightName":"LH996","scheduleDate":"2015-08-25","flightDirection":"A","flightNumber":null,"prefixIATA":"LH","prefixICAO":null,"scheduleTime":"17:30:00","serviceType":null,"mainFlight":"LH996","codeshares":null,"estimatedLandingTime":null,"actualLandingTime":null,"publicEstimatedOffBlockTime":null,"actualOffBlockTime":null,"publicFlightState":null,"route":{"destinations":["FRA"]},"terminal":null,"gate":null,"baggageClaim":null,"expectedTimeOnBelt":null,"checkinAllocations":null,"transferPositions":null,"aircraftType":null,"aircraftRegistration":null,"expectedTimeGateOpen":null,"expectedTimeBoarding":null,"expectedTimeGateClosing":null,"schemaVersion":"1.0"},{"id":91162,"flightName":"LH996","scheduleDate":"2015-08-28","flightDirection":"A","flightNumber":null,"prefixIATA":"LH","prefixICAO":null,"scheduleTime":"17:30:00","serviceType":null,"mainFlight":"LH996","codeshares":null,"estimatedLandingTime":null,"actualLandingTime":null,"publicEstimatedOffBlockTime":null,"actualOffBlockTime":null,"publicFlightState":null,"route":{"destinations":["FRA"]},"terminal":null,"gate":null,"baggageClaim":null,"expectedTimeOnBelt":null,"checkinAllocations":null,"transferPositions":null,"aircraftType":null,"aircraftRegistration":null,"expectedTimeGateOpen":null,"expectedTimeBoarding":null,"expectedTimeGateClosing":null,"schemaVersion":"1.0"},{"id":91378,"flightName":"OU454","scheduleDate":"2015-08-25","flightDirection":"A","flightNumber":null,"prefixIATA":"OU","prefixICAO":null,"scheduleTime":"17:30:00","serviceType":null,"mainFlight":"OU454","codeshares":null,"estimatedLandingTime":null,"actualLandingTime":null,"publicEstimatedOffBlockTime":null,"actualOffBlockTime":null,"publicFlightState":null,"route":{"destinations":["DBV","PUY"]},"terminal":null,"gate":null,"baggageClaim":null,"expectedTimeOnBelt":null,"checkinAllocations":null,"transferPositions":null,"aircraftType":null,"aircraftRegistration":null,"expectedTimeGateOpen":null,"expectedTimeBoarding":null,"expectedTimeGateClosing":null,"schemaVersion":"1.0"},{"id":95601,"flightName":"FHMSG","scheduleDate":"2015-08-01","flightDirection":"A","flightNumber":null,"prefixIATA":null,"prefixICAO":"FHM","scheduleTime":"17:30:00","serviceType":null,"mainFlight":"FHMSG","codeshares":null,"estimatedLandingTime":null,"actualLandingTime":null,"publicEstimatedOffBlockTime":null,"actualOffBlockTime":null,"publicFlightState":null,"route":{"destinations":["MMX"]},"terminal":null,"gate":null,"baggageClaim":null,"expectedTimeOnBelt":null,"checkinAllocations":null,"transferPositions":null,"aircraftType":null,"aircraftRegistration":null,"expectedTimeGateOpen":null,"expectedTimeBoarding":null,"expectedTimeGateClosing":null,"schemaVersion":"1.0"},{"id":90268,"flightName":"4U2181","scheduleDate":"2015-08-19","flightDirection":"D","flightNumber":null,"prefixIATA":"4U","prefixICAO":null,"scheduleTime":"17:35:00","serviceType":null,"mainFlight":"4U2181","codeshares":null,"estimatedLandingTime":null,"actualLandingTime":null,"publicEstimatedOffBlockTime":null,"actualOffBlockTime":null,"publicFlightState":null,"route":{"destinations":["STR"]},"terminal":null,"gate":null,"baggageClaim":null,"expectedTimeOnBelt":null,"checkinAllocations":null,"transferPositions":null,"aircraftType":null,"aircraftRegistration":null,"expectedTimeGateOpen":null,"expectedTimeBoarding":null,"expectedTimeGateClosing":null,"schemaVersion":"1.0"},{"id":90281,"flightName":"4U2181","scheduleDate":"2015-08-18","flightDirection":"D","flightNumber":null,"prefixIATA":"4U","prefixICAO":null,"scheduleTime":"17:35:00","serviceType":null,"mainFlight":"4U2181","codeshares":null,"estimatedLandingTime":null,"actualLandingTime":null,"publicEstimatedOffBlockTime":null,"actualOffBlockTime":null,"publicFlightState":null,"route":{"destinations":["STR"]},"terminal":null,"gate":null,"baggageClaim":null,"expectedTimeOnBelt":null,"checkinAllocations":null,"transferPositions":null,"aircraftType":null,"aircraftRegistration":null,"expectedTimeGateOpen":null,"expectedTimeBoarding":null,"expectedTimeGateClosing":null,"schemaVersion":"1.0"}],"schemaVersion":"1.0"}
