{"flights":[{"id":67551,"flightName":"GA9241","scheduleDate":"2015-04-08","flightDirection":"A","flightNumber":null,"prefixIATA":"GA","prefixICAO":null,"scheduleTime":"10:05:00","serviceType":null,"mainFlight":"KL1224","codeshares":{"codeshares":["AF8224","CZ7602","DL9429","GA9241","MU8278"]},"estimatedLandingTime":null,"actualLandingTime":null,"publicEstimatedOffBlockTime":null,"actualOffBlockTime":null,"publicFlightState":null,"route":{"destinations":["CDG"]},"terminal":null,"gate":null,"baggageClaim":null,"expectedTimeOnBelt":null,"checkinAllocations":null,"transferPositions":null,"aircraftType":null,"aircraftRegistration":null,"expectedTimeGateOpen":null,"expectedTimeBoarding":null,"expectedTimeGateClosing":null,"schemaVersion":"1.0"},{"id":67551,"flightName":"MU8278","scheduleDate":"2015-04-08","flightDirection":"A","flightNumber":null,"prefixIATA":"MU","prefixICAO":null,"scheduleTime":"10:05:00","serviceType":null,"mainFlight":"KL1224","codeshares":{"codeshares":["AF8224","CZ7602","DL9429","GA9241","MU8278"]},"estimatedLandingTime":null,"actualLandingTime":null,"publicEstimatedOffBlockTime":null,"actualOffBlockTime":null,"publicFlightState":null,"route":{"destinations":["CDG"]},"terminal":null,"gate":null,"baggageClaim":null,"expectedTimeOnBelt":null,"checkinAllocations":null,"transferPositions":null,"aircraftType":null,"aircraftRegistration":null,"expectedTimeGateOpen":null,"expectedTimeBoarding":null,"expectedTimeGateClosing":null,"schemaVersion":"1.0"},{"id":67617,"flightName":"KL1155","scheduleDate":"2015-04-08","flightDirection":"D","flightNumber":null,"prefixIATA":"KL","prefixICAO":null,"scheduleTime":"10:05:00","serviceType":null,"mainFlight":"KL1155","codeshares":{"codeshares":["DL9290","EY7396","MH5647","SU4323"]},"estimatedLandingTime":null,"actualLandingTime":null,"publicEstimatedOffBlockTime":null,"actualOffBlockTime":null,"publicFlightState":null,"route":{"destinations":["GOT"]},"terminal":null,"gate":null,"baggageClaim":null,"expectedTimeOnBelt":null,"checkinAllocations":null,"transferPositions":null,"aircraftType":null,"aircraftRegistration":null,"expectedTimeGateOpen":null,"expectedTimeBoarding":null,"expectedTimeGateClosing":null,"schemaVersion":"1.0"},{"id":67617,"flightName":"DL9290","scheduleDate":"2015-04-08","flightDirection":"D","flightNumber":null,"prefixIATA":"DL","prefixICAO":null,"scheduleTime":"10:05:00","serviceType":null,"mainFlight":"KL1155","codeshares":{"codeshares":["DL9290","EY7396","MH5647","SU4323"]},"estimatedLandingTime":null,"actualLandingTime":null,"publicEstimatedOffBlockTime":null,"actualOffBlockTime":null,"publicFlightState":null,"route":{"destinations":["GOT"]},"terminal":null,"gate":null,"baggageClaim":null,"expectedTimeOnBelt":null,"checkinAllocations":null,"transferPositions":null,"aircraftType":null,"aircraftRegistration":null,"expectedTimeGateOpen":null,"expectedTimeBoarding":null,"expectedTimeGateClosing":null,"schemaVersion":"1.0"},{"id":67617,"flightName":"EY7396","scheduleDate":"2015-04-08","flightDirection":"D","flightNumber":null,"prefixIATA":"EY","prefixICAO":null,"scheduleTime":"10:05:00","serviceType":null,"mainFlight":"KL1155","codeshares":{"codeshares":["DL9290","EY7396","MH5647","SU4323"]},"estimatedLandingTime":null,"actualLandingTime":null,"publicEstimatedOffBlockTime":null,"actualOffBlockTime":null,"publicFlightState":null,"route":{"destinations":["GOT"]},"terminal":null,"gate":null,"baggageClaim":null,"expectedTimeOnBelt":null,"checkinAllocations":null,"transferPositions":null,"aircraftType":null,"aircraftRegistration":null,"expectedTimeGateOpen":null,"expectedTimeBoarding":null,"expectedTimeGateClosing":null,"schemaVersion":"1.0"},{"id":67617,"flightName":"MH5647","scheduleDate":"2015-04-08","flightDirection":"D","flightNumber":null,"prefixIATA":"MH","prefixICAO":null,"scheduleTime":"10:05:00","serviceType":null,"mainFlight":"KL1155","codeshares":{"codeshares":["DL9290","EY7396","MH5647","SU4323"]},"estimatedLandingTime":null,"actualLandingTime":null,"publicEstimatedOffBlockTime":null,"actualOffBlockTime":null,"publicFlightState":null,"route":{"destinations":["GOT"]},"terminal":null,"gate":null,"baggageClaim":null,"expectedTimeOnBelt":null,"checkinAllocations":null,"transferPositions":null,"aircraftType":null,"aircraftRegistration":null,"expectedTimeGateOpen":null,"expectedTimeBoarding":null,"expectedTimeGateClosing":null,"schemaVersion":"1.0"},{"id":67617,"flightName":"SU4323","scheduleDate":"2015-04-08","flightDirection":"D","flightNumber":null,"prefixIATA":"SU","prefixICAO":null,"scheduleTime":"10:05:00","serviceType":null,"mainFlight":"KL1155","codeshares":{"codeshares":["DL9290","EY7396","MH5647","SU4323"]},"estimatedLandingTime":null,"actualLandingTime":null,"publicEstimatedOffBlockTime":null,"actualOffBlockTime":null,"publicFlightState":null,"route":{"destinations":["GOT"]},"terminal":null,"gate":null,"baggageClaim":null,"expectedTimeOnBelt":null,"checkinAllocations":null,"transferPositions":null,"aircraftType":null,"aircraftRegistration":null,"expectedTimeGateOpen":null,"expectedTimeBoarding":null,"expectedTimeGateClosing":null,"schemaVersion":"1.0"},{"id":69089,"flightName":"WX0181","scheduleDate":"2015-04-08","flightDirection":"A","flightNumber":null,"prefixIATA":"WX","prefixICAO":null,"scheduleTime":"10:05:00","serviceType":null,"mainFlight":"WX0181","codeshares":{"codeshares":["AF3167","KL2401"]},"estimatedLandingTime":null,"actualLandingTime":null,"publicEstimatedOffBlockTime":null,"actualOffBlockTime":null,"publicFlightState":null,"route":{"destinations":["LCY"]},"terminal":null,"gate":null,"baggageClaim":null,"expectedTimeOnBelt":null,"checkinAllocations":null,"transferPositions":null,"aircraftType":null,"aircraftRegistration":null,"expectedTimeGateOpen":null,"expectedTimeBoarding":null,"expectedTimeGateClosing":null,"schemaVersion":"1.0"},{"id":69089,"flightName":"AF3167","scheduleDate":"2015-04-08","flightDirection":"A","flightNumber":null,"prefixIATA":"AF","prefixICAO":null,"scheduleTime":"10:05:00","serviceType":null,"mainFlight":"WX0181","codeshares":{"codeshares":["AF3167","KL2401"]},"estimatedLandingTime":null,"actualLandingTime":null,"publicEstimatedOffBlockTime":null,"actualOffBlockTime":null,"publicFlightState":null,"route":{"destinations":["LCY"]},"terminal":null,"gate":null,"baggageClaim":null,"expectedTimeOnBelt":null,"checkinAllocations":null,"transferPositions":null,"aircraftType":null,"aircraftRegistration":null,"expectedTimeGateOpen":null,"expectedTimeBoarding":null,"expectedTimeGateClosing":null,"schemaVersion":"1.0"},{"id":69089,"flightName":"KL2401","scheduleDate":"2015-04-08","flightDirection":"A","flightNumber":null,"prefixIATA":"KL","prefixICAO":null,"scheduleTime":"10:05:00","serviceType":null,"mainFlight":"WX0181","codeshares":{"codeshares":["AF3167","KL2401"]},"estimatedLandingTime":null,"actualLandingTime":null,"publicEstimatedOffBlockTime":null,"actualOffBlockTime":null,"publicFlightState":null,"route":{"destinations":["LCY"]},"terminal":null,"gate":null,"baggageClaim":null,"expectedTimeOnBelt":null,"checkinAllocations":null,"transferPositions":null,"aircraftType":null,"aircraftRegistration":null,"expectedTimeGateOpen":null,"expectedTimeBoarding":null,"expectedTimeGateClosing":null,"schemaVersion":"1.0"},{"id":69438,"flightName":"BE102","scheduleDate":"2015-04-08","flightDirection":"D","flightNumber":null,"prefixIATA":"BE","prefixICAO":null,"scheduleTime":"10:05:00","serviceType":null,"mainFlight":"BE102","codeshares":null,"estimatedLandingTime":null,"actualLandingTime":null,"publicEstimatedOffBlockTime":null,"actualOffBlockTime":null,"publicFlightState":null,"route":{"destinations":["BHX"]},"terminal":null,"gate":null,"baggageClaim":null,"expectedTimeOnBelt":null,"checkinAllocations":null,"transferPositions":null,"aircraftType":null,"aircraftRegistration":null,"expectedTimeGateOpen":null,"expectedTimeBoarding":null,"expectedTimeGateClosing":null,"schemaVersion":"1.0"},{"id":70397,"flightName":"KL0571","scheduleDate":"2015-04-14","flightDirection":"D","flightNumber":null,"prefixIATA":"KL","prefixICAO":null,"scheduleTime":"10:05:00","serviceType":null,"mainFlight":"KL0571","codeshares":{"codeshares":["AF8323","DL9349"]},"estimatedLandingTime":null,"actualLandingTime":null,"publicEstimatedOffBlockTime":null,"actualOffBlockTime":null,"publicFlightState":null,"route":{"destinations":["JRO","DAR"]},"terminal":null,"gate":null,"baggageClaim":null,"expectedTimeOnBelt":null,"checkinAllocations":null,"transferPositions":null,"aircraftType":null,"aircraftRegistration":null,"expectedTimeGateOpen":null,"expectedTimeBoarding":null,"expectedTimeGateClosing":null,"schemaVersion":"1.0"},{"id":70397,"flightName":"AF8323","scheduleDate":"2015-04-14","flightDirection":"D","flightNumber":null,"prefixIATA":"AF","prefixICAO":null,"scheduleTime":"10:05:00","serviceType":null,"mainFlight":"KL0571","codeshares":{"codeshares":["AF8323","DL9349"]},"estimatedLandingTime":null,"actualLandingTime":null,"publicEstimatedOffBlockTime":null,"actualOffBlockTime":null,"publicFlightState":null,"route":{"destinations":["JRO","DAR"]},"terminal":null,"gate":null,"baggageClaim":null,"expectedTimeOnBelt":null,"checkinAllocations":null,"transferPositions":null,"aircraftType":null,"aircraftRegistration":null,"expectedTimeGateOpen":null,"expectedTimeBoarding":null,"expectedTimeGateClosing":null,"schemaVersion":"1.0"},{"id":70397,"flightName":"DL9349","scheduleDate":"2015-04-14","flightDirection":"D","flightNumber":null,"prefixIATA":"DL","prefixICAO":null,"scheduleTime":"10:05:00","serviceType":null,"mainFlight":"KL0571","codeshares":{"codeshares":["AF8323","DL9349"]},"estimatedLandingTime":null,"actualLandingTime":null,"publicEstimatedOffBlockTime":null,"actualOffBlockTime":null,"publicFlightState":null,"route":{"destinations":["JRO","DAR"]},"terminal":null,"gate":null,"baggageClaim":null,"expectedTimeOnBelt":null,"checkinAllocations":null,"transferPositions":null,"aircraftType":null,"aircraftRegistration":null,"expectedTimeGateOpen":null,"expectedTimeBoarding":null,"expectedTimeGateClosing":null,"schemaVersion":"1.0"},{"id":70489,"flightName":"KL0791","scheduleDate":"2015-04-14","flightDirection":"D","flightNumber":null,"prefixIATA":"KL","prefixICAO":null,"scheduleTime":"10:05:00","serviceType":null,"mainFlight":"KL0791","codeshares":null,"estimatedLandingTime":null,"actualLandingTime":null,"publicEstimatedOffBlockTime":null,"actualOffBlockTime":null,"publicFlightState":null,"route":{"destinations":["GRU"]},"terminal":null,"gate":null,"baggageClaim":null,"expectedTimeOnBelt":null,"checkinAllocations":null,"transferPositions":null,"aircraftType":null,"aircraftRegistration":null,"expectedTimeGateOpen":null,"expectedTimeBoarding":null,"expectedTimeGateClosing":null,"schemaVersion":"1.0"},{"id":70557,"flightName":"KL0751","scheduleDate":"2015-04-14","flightDirection":"D","flightNumber":null,"prefixIATA":"KL","prefixICAO":null,"scheduleTime":"10:05:00","serviceType":null,"mainFlight":"KL0751","codeshares":{"codeshares":["AF8391"]},"estimatedLandingTime":null,"actualLandingTime":null,"publicEstimatedOffBlockTime":null,"actualOffBlockTime":null,"publicFlightState":null,"route":{"destinations":["UIO","GYE"]},"terminal":null,"gate":null,"baggageClaim":null,"expectedTimeOnBelt":null,"checkinAllocations":null,"transferPositions":null,"aircraftType":null,"aircraftRegistration":null,"expectedTimeGateOpen":null,"expectedTimeBoarding":null,"expectedTimeGateClosing":null,"schemaVersion":"1.0"},{"id":70557,"flightName":"AF8391","scheduleDate":"2015-04-14","flightDirection":"D","flightNumber":null,"prefixIATA":"AF","prefixICAO":null,"scheduleTime":"10:05:00","serviceType":null,"mainFlight":"KL0751","codeshares":{"codeshares":["AF8391"]},"estimatedLandingTime":null,"actualLandingTime":null,"publicEstimatedOffBlockTime":null,"actualOffBlockTime":null,"publicFlightState":null,"route":{"destinations":["UIO","GYE"]},"terminal":null,"gate":null,"baggageClaim":null,"expectedTimeOnBelt":null,"checkinAllocations":null,"transferPositions":null,"aircraftType":null,"aircraftRegistration":null,"expectedTimeGateOpen":null,"expectedTimeBoarding":null,"expectedTimeGateClosing":null,"schemaVersion":"1.0"},{"id":70931,"flightName":"KL1224","scheduleDate":"2015-04-14","flightDirection":"A","flightNumber":null,"prefixIATA":"KL","prefixICAO":null,"scheduleTime":"10:05:00","serviceType":null,"mainFlight":"KL1224","codeshares":{"codeshares":["AF8224","CZ7602","DL9429","GA9241","MU8278"]},"estimatedLandingTime":null,"actualLandingTime":null,"publicEstimatedOffBlockTime":null,"actualOffBlockTime":null,"publicFlightState":null,"route":{"destinations":["CDG"]},"terminal":null,"gate":null,"baggageClaim":null,"expectedTimeOnBelt":null,"checkinAllocations":null,"transferPositions":null,"aircraftType":null,"aircraftRegistration":null,"expectedTimeGateOpen":null,"expectedTimeBoarding":null,"expectedTimeGateClosing":null,"schemaVersion":"1.0"},{"id":70931,"flightName":"AF8224","scheduleDate":"2015-04-14","flightDirection":"A","flightNumber":null,"prefixIATA":"AF","prefixICAO":null,"scheduleTime":"10:05:00","serviceType":null,"mainFlight":"KL1224","codeshares":{"codeshares":["AF8224","CZ7602","DL9429","GA9241","MU8278"]},"estimatedLandingTime":null,"actualLandingTime":null,"publicEstimatedOffBlockTime":null,"actualOffBlockTime":null,"publicFlightState":null,"route":{"destinations":["CDG"]},"terminal":null,"gate":null,"baggageClaim":null,"expectedTimeOnBelt":null,"checkinAllocations":null,"transferPositions":null,"aircraftType":null,"aircraftRegistration":null,"expectedTimeGateOpen":null,"expectedTimeBoarding":null,"expectedTimeGateClosing":null,"schemaVersion":"1.0"},{"id":70931,"flightName":"CZ7602","scheduleDate":"2015-04-14","flightDirection":"A","flightNumber":null,"prefixIATA":"CZ","prefixICAO":null,"scheduleTime":"10:05:00","serviceType":null,"mainFlight":"KL1224","codeshares":{"codeshares":["AF8224","CZ7602","DL9429","GA9241","MU8278"]},"estimatedLandingTime":null,"actualLandingTime":null,"publicEstimatedOffBlockTime":null,"actualOffBlockTime":null,"publicFlightState":null,"route":{"destinations":["CDG"]},"terminal":null,"gate":null,"baggageClaim":null,"expectedTimeOnBelt":null,"checkinAllocations":null,"transferPositions":null,"aircraftType":null,"aircraftRegistration":null,"expectedTimeGateOpen":null,"expectedTimeBoarding":null,"expectedTimeGateClosing":null,"schemaVersion":"1.0"}],"schemaVersion":"1.0"}
