{"flights":[{"id":63336,"flightName":"DL9381","scheduleDate":"2015-04-01","flightDirection":"A","flightNumber":null,"prefixIATA":"DL","prefixICAO":null,"scheduleTime":"09:15:00","serviceType":null,"mainFlight":"KL0606","codeshares":{"codeshares":["AF8403","DL9381"]},"estimatedLandingTime":null,"actualLandingTime":null,"publicEstimatedOffBlockTime":null,"actualOffBlockTime":null,"publicFlightState":null,"route":{"destinations":["SFO"]},"terminal":null,"gate":null,"baggageClaim":null,"expectedTimeOnBelt":null,"checkinAllocations":null,"transferPositions":null,"aircraftType":null,"aircraftRegistration":null,"expectedTimeGateOpen":null,"expectedTimeBoarding":null,"expectedTimeGateClosing":null,"schemaVersion":"1.0"},{"id":63382,"flightName":"MP0093","scheduleDate":"2015-04-01","flightDirection":"D","flightNumber":null,"prefixIATA":"MP","prefixICAO":null,"scheduleTime":"09:15:00","serviceType":null,"mainFlight":"MP0093","codeshares":null,"estimatedLandingTime":null,"actualLandingTime":null,"publicEstimatedOffBlockTime":null,"actualOffBlockTime":null,"publicFlightState":null,"route":{"destinations":["KWI","DWC"]},"terminal":null,"gate":null,"baggageClaim":null,"expectedTimeOnBelt":null,"checkinAllocations":null,"transferPositions":null,"aircraftType":null,"aircraftRegistration":null,"expectedTimeGateOpen":null,"expectedTimeBoarding":null,"expectedTimeGateClosing":null,"schemaVersion":"1.0"},{"id":64584,"flightName":"KL1301","scheduleDate":"2015-04-01","flightDirection":"D","flightNumber":null,"prefixIATA":"KL","prefixICAO":null,"scheduleTime":"09:15:00","serviceType":null,"mainFlight":"KL1301","codeshares":{"codeshares":["AF8259","DL9675"]},"estimatedLandingTime":null,"actualLandingTime":null,"publicEstimatedOffBlockTime":null,"actualOffBlockTime":null,"publicFlightState":null,"route":{"destinations":["TLS"]},"terminal":null,"gate":null,"baggageClaim":null,"expectedTimeOnBelt":null,"checkinAllocations":null,"transferPositions":null,"aircraftType":null,"aircraftRegistration":null,"expectedTimeGateOpen":null,"expectedTimeBoarding":null,"expectedTimeGateClosing":null,"schemaVersion":"1.0"},{"id":64584,"flightName":"AF8259","scheduleDate":"2015-04-01","flightDirection":"D","flightNumber":null,"prefixIATA":"AF","prefixICAO":null,"scheduleTime":"09:15:00","serviceType":null,"mainFlight":"KL1301","codeshares":{"codeshares":["AF8259","DL9675"]},"estimatedLandingTime":null,"actualLandingTime":null,"publicEstimatedOffBlockTime":null,"actualOffBlockTime":null,"publicFlightState":null,"route":{"destinations":["TLS"]},"terminal":null,"gate":null,"baggageClaim":null,"expectedTimeOnBelt":null,"checkinAllocations":null,"transferPositions":null,"aircraftType":null,"aircraftRegistration":null,"expectedTimeGateOpen":null,"expectedTimeBoarding":null,"expectedTimeGateClosing":null,"schemaVersion":"1.0"},{"id":64584,"flightName":"DL9675","scheduleDate":"2015-04-01","flightDirection":"D","flightNumber":null,"prefixIATA":"DL","prefixICAO":null,"scheduleTime":"09:15:00","serviceType":null,"mainFlight":"KL1301","codeshares":{"codeshares":["AF8259","DL9675"]},"estimatedLandingTime":null,"actualLandingTime":null,"publicEstimatedOffBlockTime":null,"actualOffBlockTime":null,"publicFlightState":null,"route":{"destinations":["TLS"]},"terminal":null,"gate":null,"baggageClaim":null,"expectedTimeOnBelt":null,"checkinAllocations":null,"transferPositions":null,"aircraftType":null,"aircraftRegistration":null,"expectedTimeGateOpen":null,"expectedTimeBoarding":null,"expectedTimeGateClosing":null,"schemaVersion":"1.0"},{"id":64927,"flightName":"KL1505","scheduleDate":"2015-04-01","flightDirection":"D","flightNumber":null,"prefixIATA":"KL","prefixICAO":null,"scheduleTime":"09:15:00","serviceType":null,"mainFlight":"KL1505","codeshares":{"codeshares":["AF8365","AZ3876","DL9345","KQ1505","SU4393"]},"estimatedLandingTime":null,"actualLandingTime":null,"publicEstimatedOffBlockTime":null,"actualOffBlockTime":null,"publicFlightState":null,"route":{"destinations":["NWI"]},"terminal":null,"gate":null,"baggageClaim":null,"expectedTimeOnBelt":null,"checkinAllocations":null,"transferPositions":null,"aircraftType":null,"aircraftRegistration":null,"expectedTimeGateOpen":null,"expectedTimeBoarding":null,"expectedTimeGateClosing":null,"schemaVersion":"1.0"},{"id":64927,"flightName":"AF8365","scheduleDate":"2015-04-01","flightDirection":"D","flightNumber":null,"prefixIATA":"AF","prefixICAO":null,"scheduleTime":"09:15:00","serviceType":null,"mainFlight":"KL1505","codeshares":{"codeshares":["AF8365","AZ3876","DL9345","KQ1505","SU4393"]},"estimatedLandingTime":null,"actualLandingTime":null,"publicEstimatedOffBlockTime":null,"actualOffBlockTime":null,"publicFlightState":null,"route":{"destinations":["NWI"]},"terminal":null,"gate":null,"baggageClaim":null,"expectedTimeOnBelt":null,"checkinAllocations":null,"transferPositions":null,"aircraftType":null,"aircraftRegistration":null,"expectedTimeGateOpen":null,"expectedTimeBoarding":null,"expectedTimeGateClosing":null,"schemaVersion":"1.0"},{"id":64927,"flightName":"AZ3876","scheduleDate":"2015-04-01","flightDirection":"D","flightNumber":null,"prefixIATA":"AZ","prefixICAO":null,"scheduleTime":"09:15:00","serviceType":null,"mainFlight":"KL1505","codeshares":{"codeshares":["AF8365","AZ3876","DL9345","KQ1505","SU4393"]},"estimatedLandingTime":null,"actualLandingTime":null,"publicEstimatedOffBlockTime":null,"actualOffBlockTime":null,"publicFlightState":null,"route":{"destinations":["NWI"]},"terminal":null,"gate":null,"baggageClaim":null,"expectedTimeOnBelt":null,"checkinAllocations":null,"transferPositions":null,"aircraftType":null,"aircraftRegistration":null,"expectedTimeGateOpen":null,"expectedTimeBoarding":null,"expectedTimeGateClosing":null,"schemaVersion":"1.0"},{"id":64927,"flightName":"DL9345","scheduleDate":"2015-04-01","flightDirection":"D","flightNumber":null,"prefixIATA":"DL","prefixICAO":null,"scheduleTime":"09:15:00","serviceType":null,"mainFlight":"KL1505","codeshares":{"codeshares":["AF8365","AZ3876","DL9345","KQ1505","SU4393"]},"estimatedLandingTime":null,"actualLandingTime":null,"publicEstimatedOffBlockTime":null,"actualOffBlockTime":null,"publicFlightState":null,"route":{"destinations":["NWI"]},"terminal":null,"gate":null,"baggageClaim":null,"expectedTimeOnBelt":null,"checkinAllocations":null,"transferPositions":null,"aircraftType":null,"aircraftRegistration":null,"expectedTimeGateOpen":null,"expectedTimeBoarding":null,"expectedTimeGateClosing":null,"schemaVersion":"1.0"},{"id":64927,"flightName":"KQ1505","scheduleDate":"2015-04-01","flightDirection":"D","flightNumber":null,"prefixIATA":"KQ","prefixICAO":null,"scheduleTime":"09:15:00","serviceType":null,"mainFlight":"KL1505","codeshares":{"codeshares":["AF8365","AZ3876","DL9345","KQ1505","SU4393"]},"estimatedLandingTime":null,"actualLandingTime":null,"publicEstimatedOffBlockTime":null,"actualOffBlockTime":null,"publicFlightState":null,"route":{"destinations":["NWI"]},"terminal":null,"gate":null,"baggageClaim":null,"expectedTimeOnBelt":null,"checkinAllocations":null,"transferPositions":null,"aircraftType":null,"aircraftRegistration":null,"expectedTimeGateOpen":null,"expectedTimeBoarding":null,"expectedTimeGateClosing":null,"schemaVersion":"1.0"},{"id":64927,"flightName":"SU4393","scheduleDate":"2015-04-01","flightDirection":"D","flightNumber":null,"prefixIATA":"SU","prefixICAO":null,"scheduleTime":"09:15:00","serviceType":null,"mainFlight":"KL1505","codeshares":{"codeshares":["AF8365","AZ3876","DL9345","KQ1505","SU4393"]},"estimatedLandingTime":null,"actualLandingTime":null,"publicEstimatedOffBlockTime":null,"actualOffBlockTime":null,"publicFlightState":null,"route":{"destinations":["NWI"]},"terminal":null,"gate":null,"baggageClaim":null,"expectedTimeOnBelt":null,"checkinAllocations":null,"transferPositions":null,"aircraftType":null,"aircraftRegistration":null,"expectedTimeGateOpen":null,"expectedTimeBoarding":null,"expectedTimeGateClosing":null,"schemaVersion":"1.0"},{"id":65062,"flightName":"KL1739","scheduleDate":"2015-04-01","flightDirection":"D","flightNumber":null,"prefixIATA":"KL","prefixICAO":null,"scheduleTime":"09:15:00","serviceType":null,"mainFlight":"KL1739","codeshares":{"codeshares":["DL9304","SU4410"]},"estimatedLandingTime":null,"actualLandingTime":null,"publicEstimatedOffBlockTime":null,"actualOffBlockTime":null,"publicFlightState":null,"route":{"destinations":["LUX"]},"terminal":null,"gate":null,"baggageClaim":null,"expectedTimeOnBelt":null,"checkinAllocations":null,"transferPositions":null,"aircraftType":null,"aircraftRegistration":null,"expectedTimeGateOpen":null,"expectedTimeBoarding":null,"expectedTimeGateClosing":null,"schemaVersion":"1.0"},{"id":65062,"flightName":"DL9304","scheduleDate":"2015-04-01","flightDirection":"D","flightNumber":null,"prefixIATA":"DL","prefixICAO":null,"scheduleTime":"09:15:00","serviceType":null,"mainFlight":"KL1739","codeshares":{"codeshares":["DL9304","SU4410"]},"estimatedLandingTime":null,"actualLandingTime":null,"publicEstimatedOffBlockTime":null,"actualOffBlockTime":null,"publicFlightState":null,"route":{"destinations":["LUX"]},"terminal":null,"gate":null,"baggageClaim":null,"expectedTimeOnBelt":null,"checkinAllocations":null,"transferPositions":null,"aircraftType":null,"aircraftRegistration":null,"expectedTimeGateOpen":null,"expectedTimeBoarding":null,"expectedTimeGateClosing":null,"schemaVersion":"1.0"},{"id":65062,"flightName":"SU4410","scheduleDate":"2015-04-01","flightDirection":"D","flightNumber":null,"prefixIATA":"SU","prefixICAO":null,"scheduleTime":"09:15:00","serviceType":null,"mainFlight":"KL1739","codeshares":{"codeshares":["DL9304","SU4410"]},"estimatedLandingTime":null,"actualLandingTime":null,"publicEstimatedOffBlockTime":null,"actualOffBlockTime":null,"publicFlightState":null,"route":{"destinations":["LUX"]},"terminal":null,"gate":null,"baggageClaim":null,"expectedTimeOnBelt":null,"checkinAllocations":null,"transferPositions":null,"aircraftType":null,"aircraftRegistration":null,"expectedTimeGateOpen":null,"expectedTimeBoarding":null,"expectedTimeGateClosing":null,"schemaVersion":"1.0"},{"id":65429,"flightName":"KL1854","scheduleDate":"2015-04-01","flightDirection":"A","flightNumber":null,"prefixIATA":"KL","prefixICAO":null,"scheduleTime":"09:15:00","serviceType":null,"mainFlight":"KL1854","codeshares":{"codeshares":["AZ2947","CZ7724","DL9440","GA9245","KQ1854"]},"estimatedLandingTime":null,"actualLandingTime":null,"publicEstimatedOffBlockTime":null,"actualOffBlockTime":null,"publicFlightState":null,"route":{"destinations":["DUS"]},"terminal":null,"gate":null,"baggageClaim":null,"expectedTimeOnBelt":null,"checkinAllocations":null,"transferPositions":null,"aircraftType":null,"aircraftRegistration":null,"expectedTimeGateOpen":null,"expectedTimeBoarding":null,"expectedTimeGateClosing":null,"schemaVersion":"1.0"},{"id":65429,"flightName":"AZ2947","scheduleDate":"2015-04-01","flightDirection":"A","flightNumber":null,"prefixIATA":"AZ","prefixICAO":null,"scheduleTime":"09:15:00","serviceType":null,"mainFlight":"KL1854","codeshares":{"codeshares":["AZ2947","CZ7724","DL9440","GA9245","KQ1854"]},"estimatedLandingTime":null,"actualLandingTime":null,"publicEstimatedOffBlockTime":null,"actualOffBlockTime":null,"publicFlightState":null,"route":{"destinations":["DUS"]},"terminal":null,"gate":null,"baggageClaim":null,"expectedTimeOnBelt":null,"checkinAllocations":null,"transferPositions":null,"aircraftType":null,"aircraftRegistration":null,"expectedTimeGateOpen":null,"expectedTimeBoarding":null,"expectedTimeGateClosing":null,"schemaVersion":"1.0"},{"id":65429,"flightName":"CZ7724","scheduleDate":"2015-04-01","flightDirection":"A","flightNumber":null,"prefixIATA":"CZ","prefixICAO":null,"scheduleTime":"09:15:00","serviceType":null,"mainFlight":"KL1854","codeshares":{"codeshares":["AZ2947","CZ7724","DL9440","GA9245","KQ1854"]},"estimatedLandingTime":null,"actualLandingTime":null,"publicEstimatedOffBlockTime":null,"actualOffBlockTime":null,"publicFlightState":null,"route":{"destinations":["DUS"]},"terminal":null,"gate":null,"baggageClaim":null,"expectedTimeOnBelt":null,"checkinAllocations":null,"transferPositions":null,"aircraftType":null,"aircraftRegistration":null,"expectedTimeGateOpen":null,"expectedTimeBoarding":null,"expectedTimeGateClosing":null,"schemaVersion":"1.0"},{"id":65429,"flightName":"DL9440","scheduleDate":"2015-04-01","flightDirection":"A","flightNumber":null,"prefixIATA":"DL","prefixICAO":null,"scheduleTime":"09:15:00","serviceType":null,"mainFlight":"KL1854","codeshares":{"codeshares":["AZ2947","CZ7724","DL9440","GA9245","KQ1854"]},"estimatedLandingTime":null,"actualLandingTime":null,"publicEstimatedOffBlockTime":null,"actualOffBlockTime":null,"publicFlightState":null,"route":{"destinations":["DUS"]},"terminal":null,"gate":null,"baggageClaim":null,"expectedTimeOnBelt":null,"checkinAllocations":null,"transferPositions":null,"aircraftType":null,"aircraftRegistration":null,"expectedTimeGateOpen":null,"expectedTimeBoarding":null,"expectedTimeGateClosing":null,"schemaVersion":"1.0"},{"id":65429,"flightName":"GA9245","scheduleDate":"2015-04-01","flightDirection":"A","flightNumber":null,"prefixIATA":"GA","prefixICAO":null,"scheduleTime":"09:15:00","serviceType":null,"mainFlight":"KL1854","codeshares":{"codeshares":["AZ2947","CZ7724","DL9440","GA9245","KQ1854"]},"estimatedLandingTime":null,"actualLandingTime":null,"publicEstimatedOffBlockTime":null,"actualOffBlockTime":null,"publicFlightState":null,"route":{"destinations":["DUS"]},"terminal":null,"gate":null,"baggageClaim":null,"expectedTimeOnBelt":null,"checkinAllocations":null,"transferPositions":null,"aircraftType":null,"aircraftRegistration":null,"expectedTimeGateOpen":null,"expectedTimeBoarding":null,"expectedTimeGateClosing":null,"schemaVersion":"1.0"},{"id":65429,"flightName":"KQ1854","scheduleDate":"2015-04-01","flightDirection":"A","flightNumber":null,"prefixIATA":"KQ","prefixICAO":null,"scheduleTime":"09:15:00","serviceType":null,"mainFlight":"KL1854","codeshares":{"codeshares":["AZ2947","CZ7724","DL9440","GA9245","KQ1854"]},"estimatedLandingTime":null,"actualLandingTime":null,"publicEstimatedOffBlockTime":null,"actualOffBlockTime":null,"publicFlightState":null,"route":{"destinations":["DUS"]},"terminal":null,"gate":null,"baggageClaim":null,"expectedTimeOnBelt":null,"checkinAllocations":null,"transferPositions":null,"aircraftType":null,"aircraftRegistration":null,"expectedTimeGateOpen":null,"expectedTimeBoarding":null,"expectedTimeGateClosing":null,"schemaVersion":"1.0"}],"schemaVersion":"1.0"}
