{"flights":[{"id":74554,"flightName":"SU3178","scheduleDate":"2015-04-24","flightDirection":"A","flightNumber":null,"prefixIATA":"SU","prefixICAO":null,"scheduleTime":"08:20:00","serviceType":null,"mainFlight":"KL1340","codeshares":{"codeshares":["DL9402","EY7311","SU3178"]},"estimatedLandingTime":null,"actualLandingTime":null,"publicEstimatedOffBlockTime":null,"actualOffBlockTime":null,"publicFlightState":null,"route":{"destinations":["BLL"]},"terminal":null,"gate":null,"baggageClaim":null,"expectedTimeOnBelt":null,"checkinAllocations":null,"transferPositions":null,"aircraftType":null,"aircraftRegistration":null,"expectedTimeGateOpen":null,"expectedTimeBoarding":null,"expectedTimeGateClosing":null,"schemaVersion":"1.0"},{"id":74572,"flightName":"KL1420","scheduleDate":"2015-04-24","flightDirection":"A","flightNumber":null,"prefixIATA":"KL","prefixICAO":null,"scheduleTime":"08:20:00","serviceType":null,"mainFlight":"KL1420","codeshares":{"codeshares":["CZ7805","DL9297","EY7366","KQ1420","PS9420"]},"estimatedLandingTime":null,"actualLandingTime":null,"publicEstimatedOffBlockTime":null,"actualOffBlockTime":null,"publicFlightState":null,"route":{"destinations":["BHX"]},"terminal":null,"gate":null,"baggageClaim":null,"expectedTimeOnBelt":null,"checkinAllocations":null,"transferPositions":null,"aircraftType":null,"aircraftRegistration":null,"expectedTimeGateOpen":null,"expectedTimeBoarding":null,"expectedTimeGateClosing":null,"schemaVersion":"1.0"},{"id":74572,"flightName":"CZ7805","scheduleDate":"2015-04-24","flightDirection":"A","flightNumber":null,"prefixIATA":"CZ","prefixICAO":null,"scheduleTime":"08:20:00","serviceType":null,"mainFlight":"KL1420","codeshares":{"codeshares":["CZ7805","DL9297","EY7366","KQ1420","PS9420"]},"estimatedLandingTime":null,"actualLandingTime":null,"publicEstimatedOffBlockTime":null,"actualOffBlockTime":null,"publicFlightState":null,"route":{"destinations":["BHX"]},"terminal":null,"gate":null,"baggageClaim":null,"expectedTimeOnBelt":null,"checkinAllocations":null,"transferPositions":null,"aircraftType":null,"aircraftRegistration":null,"expectedTimeGateOpen":null,"expectedTimeBoarding":null,"expectedTimeGateClosing":null,"schemaVersion":"1.0"},{"id":74572,"flightName":"DL9297","scheduleDate":"2015-04-24","flightDirection":"A","flightNumber":null,"prefixIATA":"DL","prefixICAO":null,"scheduleTime":"08:20:00","serviceType":null,"mainFlight":"KL1420","codeshares":{"codeshares":["CZ7805","DL9297","EY7366","KQ1420","PS9420"]},"estimatedLandingTime":null,"actualLandingTime":null,"publicEstimatedOffBlockTime":null,"actualOffBlockTime":null,"publicFlightState":null,"route":{"destinations":["BHX"]},"terminal":null,"gate":null,"baggageClaim":null,"expectedTimeOnBelt":null,"checkinAllocations":null,"transferPositions":null,"aircraftType":null,"aircraftRegistration":null,"expectedTimeGateOpen":null,"expectedTimeBoarding":null,"expectedTimeGateClosing":null,"schemaVersion":"1.0"},{"id":74572,"flightName":"EY7366","scheduleDate":"2015-04-24","flightDirection":"A","flightNumber":null,"prefixIATA":"EY","prefixICAO":null,"scheduleTime":"08:20:00","serviceType":null,"mainFlight":"KL1420","codeshares":{"codeshares":["CZ7805","DL9297","EY7366","KQ1420","PS9420"]},"estimatedLandingTime":null,"actualLandingTime":null,"publicEstimatedOffBlockTime":null,"actualOffBlockTime":null,"publicFlightState":null,"route":{"destinations":["BHX"]},"terminal":null,"gate":null,"baggageClaim":null,"expectedTimeOnBelt":null,"checkinAllocations":null,"transferPositions":null,"aircraftType":null,"aircraftRegistration":null,"expectedTimeGateOpen":null,"expectedTimeBoarding":null,"expectedTimeGateClosing":null,"schemaVersion":"1.0"},{"id":74572,"flightName":"KQ1420","scheduleDate":"2015-04-24","flightDirection":"A","flightNumber":null,"prefixIATA":"KQ","prefixICAO":null,"scheduleTime":"08:20:00","serviceType":null,"mainFlight":"KL1420","codeshares":{"codeshares":["CZ7805","DL9297","EY7366","KQ1420","PS9420"]},"estimatedLandingTime":null,"actualLandingTime":null,"publicEstimatedOffBlockTime":null,"actualOffBlockTime":null,"publicFlightState":null,"route":{"destinations":["BHX"]},"terminal":null,"gate":null,"baggageClaim":null,"expectedTimeOnBelt":null,"checkinAllocations":null,"transferPositions":null,"aircraftType":null,"aircraftRegistration":null,"expectedTimeGateOpen":null,"expectedTimeBoarding":null,"expectedTimeGateClosing":null,"schemaVersion":"1.0"},{"id":74572,"flightName":"PS9420","scheduleDate":"2015-04-24","flightDirection":"A","flightNumber":null,"prefixIATA":"PS","prefixICAO":null,"scheduleTime":"08:20:00","serviceType":null,"mainFlight":"KL1420","codeshares":{"codeshares":["CZ7805","DL9297","EY7366","KQ1420","PS9420"]},"estimatedLandingTime":null,"actualLandingTime":null,"publicEstimatedOffBlockTime":null,"actualOffBlockTime":null,"publicFlightState":null,"route":{"destinations":["BHX"]},"terminal":null,"gate":null,"baggageClaim":null,"expectedTimeOnBelt":null,"checkinAllocations":null,"transferPositions":null,"aircraftType":null,"aircraftRegistration":null,"expectedTimeGateOpen":null,"expectedTimeBoarding":null,"expectedTimeGateClosing":null,"schemaVersion":"1.0"},{"id":74583,"flightName":"KL1421","scheduleDate":"2015-04-24","flightDirection":"D","flightNumber":null,"prefixIATA":"KL","prefixICAO":null,"scheduleTime":"08:20:00","serviceType":null,"mainFlight":"KL1421","codeshares":{"codeshares":["CZ7806","DL9626","KQ1421"]},"estimatedLandingTime":null,"actualLandingTime":null,"publicEstimatedOffBlockTime":null,"actualOffBlockTime":null,"publicFlightState":null,"route":{"destinations":["BHX"]},"terminal":null,"gate":null,"baggageClaim":null,"expectedTimeOnBelt":null,"checkinAllocations":null,"transferPositions":null,"aircraftType":null,"aircraftRegistration":null,"expectedTimeGateOpen":null,"expectedTimeBoarding":null,"expectedTimeGateClosing":null,"schemaVersion":"1.0"},{"id":74583,"flightName":"CZ7806","scheduleDate":"2015-04-24","flightDirection":"D","flightNumber":null,"prefixIATA":"CZ","prefixICAO":null,"scheduleTime":"08:20:00","serviceType":null,"mainFlight":"KL1421","codeshares":{"codeshares":["CZ7806","DL9626","KQ1421"]},"estimatedLandingTime":null,"actualLandingTime":null,"publicEstimatedOffBlockTime":null,"actualOffBlockTime":null,"publicFlightState":null,"route":{"destinations":["BHX"]},"terminal":null,"gate":null,"baggageClaim":null,"expectedTimeOnBelt":null,"checkinAllocations":null,"transferPositions":null,"aircraftType":null,"aircraftRegistration":null,"expectedTimeGateOpen":null,"expectedTimeBoarding":null,"expectedTimeGateClosing":null,"schemaVersion":"1.0"},{"id":74583,"flightName":"DL9626","scheduleDate":"2015-04-24","flightDirection":"D","flightNumber":null,"prefixIATA":"DL","prefixICAO":null,"scheduleTime":"08:20:00","serviceType":null,"mainFlight":"KL1421","codeshares":{"codeshares":["CZ7806","DL9626","KQ1421"]},"estimatedLandingTime":null,"actualLandingTime":null,"publicEstimatedOffBlockTime":null,"actualOffBlockTime":null,"publicFlightState":null,"route":{"destinations":["BHX"]},"terminal":null,"gate":null,"baggageClaim":null,"expectedTimeOnBelt":null,"checkinAllocations":null,"transferPositions":null,"aircraftType":null,"aircraftRegistration":null,"expectedTimeGateOpen":null,"expectedTimeBoarding":null,"expectedTimeGateClosing":null,"schemaVersion":"1.0"},{"id":74583,"flightName":"KQ1421","scheduleDate":"2015-04-24","flightDirection":"D","flightNumber":null,"prefixIATA":"KQ","prefixICAO":null,"scheduleTime":"08:20:00","serviceType":null,"mainFlight":"KL1421","codeshares":{"codeshares":["CZ7806","DL9626","KQ1421"]},"estimatedLandingTime":null,"actualLandingTime":null,"publicEstimatedOffBlockTime":null,"actualOffBlockTime":null,"publicFlightState":null,"route":{"destinations":["BHX"]},"terminal":null,"gate":null,"baggageClaim":null,"expectedTimeOnBelt":null,"checkinAllocations":null,"transferPositions":null,"aircraftType":null,"aircraftRegistration":null,"expectedTimeGateOpen":null,"expectedTimeBoarding":null,"expectedTimeGateClosing":null,"schemaVersion":"1.0"},{"id":74683,"flightName":"KL1530","scheduleDate":"2015-04-24","flightDirection":"A","flightNumber":null,"prefixIATA":"KL","prefixICAO":null,"scheduleTime":"08:20:00","serviceType":null,"mainFlight":"KL1530","codeshares":{"codeshares":["AF8352","AZ3991","DL9359","KQ1530"]},"estimatedLandingTime":null,"actualLandingTime":null,"publicEstimatedOffBlockTime":null,"actualOffBlockTime":null,"publicFlightState":null,"route":{"destinations":["MME"]},"terminal":null,"gate":null,"baggageClaim":null,"expectedTimeOnBelt":null,"checkinAllocations":null,"transferPositions":null,"aircraftType":null,"aircraftRegistration":null,"expectedTimeGateOpen":null,"expectedTimeBoarding":null,"expectedTimeGateClosing":null,"schemaVersion":"1.0"},{"id":74683,"flightName":"AF8352","scheduleDate":"2015-04-24","flightDirection":"A","flightNumber":null,"prefixIATA":"AF","prefixICAO":null,"scheduleTime":"08:20:00","serviceType":null,"mainFlight":"KL1530","codeshares":{"codeshares":["AF8352","AZ3991","DL9359","KQ1530"]},"estimatedLandingTime":null,"actualLandingTime":null,"publicEstimatedOffBlockTime":null,"actualOffBlockTime":null,"publicFlightState":null,"route":{"destinations":["MME"]},"terminal":null,"gate":null,"baggageClaim":null,"expectedTimeOnBelt":null,"checkinAllocations":null,"transferPositions":null,"aircraftType":null,"aircraftRegistration":null,"expectedTimeGateOpen":null,"expectedTimeBoarding":null,"expectedTimeGateClosing":null,"schemaVersion":"1.0"},{"id":74683,"flightName":"AZ3991","scheduleDate":"2015-04-24","flightDirection":"A","flightNumber":null,"prefixIATA":"AZ","prefixICAO":null,"scheduleTime":"08:20:00","serviceType":null,"mainFlight":"KL1530","codeshares":{"codeshares":["AF8352","AZ3991","DL9359","KQ1530"]},"estimatedLandingTime":null,"actualLandingTime":null,"publicEstimatedOffBlockTime":null,"actualOffBlockTime":null,"publicFlightState":null,"route":{"destinations":["MME"]},"terminal":null,"gate":null,"baggageClaim":null,"expectedTimeOnBelt":null,"checkinAllocations":null,"transferPositions":null,"aircraftType":null,"aircraftRegistration":null,"expectedTimeGateOpen":null,"expectedTimeBoarding":null,"expectedTimeGateClosing":null,"schemaVersion":"1.0"},{"id":74683,"flightName":"DL9359","scheduleDate":"2015-04-24","flightDirection":"A","flightNumber":null,"prefixIATA":"DL","prefixICAO":null,"scheduleTime":"08:20:00","serviceType":null,"mainFlight":"KL1530","codeshares":{"codeshares":["AF8352","AZ3991","DL9359","KQ1530"]},"estimatedLandingTime":null,"actualLandingTime":null,"publicEstimatedOffBlockTime":null,"actualOffBlockTime":null,"publicFlightState":null,"route":{"destinations":["MME"]},"terminal":null,"gate":null,"baggageClaim":null,"expectedTimeOnBelt":null,"checkinAllocations":null,"transferPositions":null,"aircraftType":null,"aircraftRegistration":null,"expectedTimeGateOpen":null,"expectedTimeBoarding":null,"expectedTimeGateClosing":null,"schemaVersion":"1.0"},{"id":74683,"flightName":"KQ1530","scheduleDate":"2015-04-24","flightDirection":"A","flightNumber":null,"prefixIATA":"KQ","prefixICAO":null,"scheduleTime":"08:20:00","serviceType":null,"mainFlight":"KL1530","codeshares":{"codeshares":["AF8352","AZ3991","DL9359","KQ1530"]},"estimatedLandingTime":null,"actualLandingTime":null,"publicEstimatedOffBlockTime":null,"actualOffBlockTime":null,"publicFlightState":null,"route":{"destinations":["MME"]},"terminal":null,"gate":null,"baggageClaim":null,"expectedTimeOnBelt":null,"checkinAllocations":null,"transferPositions":null,"aircraftType":null,"aircraftRegistration":null,"expectedTimeGateOpen":null,"expectedTimeBoarding":null,"expectedTimeGateClosing":null,"schemaVersion":"1.0"},{"id":75104,"flightName":"KL1762","scheduleDate":"2015-04-24","flightDirection":"A","flightNumber":null,"prefixIATA":"KL","prefixICAO":null,"scheduleTime":"08:20:00","serviceType":null,"mainFlight":"KL1762","codeshares":{"codeshares":["CZ7651","DL9449","KQ1762","MU8282","UX3781"]},"estimatedLandingTime":null,"actualLandingTime":null,"publicEstimatedOffBlockTime":null,"actualOffBlockTime":null,"publicFlightState":null,"route":{"destinations":["FRA"]},"terminal":null,"gate":null,"baggageClaim":null,"expectedTimeOnBelt":null,"checkinAllocations":null,"transferPositions":null,"aircraftType":null,"aircraftRegistration":null,"expectedTimeGateOpen":null,"expectedTimeBoarding":null,"expectedTimeGateClosing":null,"schemaVersion":"1.0"},{"id":75104,"flightName":"CZ7651","scheduleDate":"2015-04-24","flightDirection":"A","flightNumber":null,"prefixIATA":"CZ","prefixICAO":null,"scheduleTime":"08:20:00","serviceType":null,"mainFlight":"KL1762","codeshares":{"codeshares":["CZ7651","DL9449","KQ1762","MU8282","UX3781"]},"estimatedLandingTime":null,"actualLandingTime":null,"publicEstimatedOffBlockTime":null,"actualOffBlockTime":null,"publicFlightState":null,"route":{"destinations":["FRA"]},"terminal":null,"gate":null,"baggageClaim":null,"expectedTimeOnBelt":null,"checkinAllocations":null,"transferPositions":null,"aircraftType":null,"aircraftRegistration":null,"expectedTimeGateOpen":null,"expectedTimeBoarding":null,"expectedTimeGateClosing":null,"schemaVersion":"1.0"},{"id":75104,"flightName":"DL9449","scheduleDate":"2015-04-24","flightDirection":"A","flightNumber":null,"prefixIATA":"DL","prefixICAO":null,"scheduleTime":"08:20:00","serviceType":null,"mainFlight":"KL1762","codeshares":{"codeshares":["CZ7651","DL9449","KQ1762","MU8282","UX3781"]},"estimatedLandingTime":null,"actualLandingTime":null,"publicEstimatedOffBlockTime":null,"actualOffBlockTime":null,"publicFlightState":null,"route":{"destinations":["FRA"]},"terminal":null,"gate":null,"baggageClaim":null,"expectedTimeOnBelt":null,"checkinAllocations":null,"transferPositions":null,"aircraftType":null,"aircraftRegistration":null,"expectedTimeGateOpen":null,"expectedTimeBoarding":null,"expectedTimeGateClosing":null,"schemaVersion":"1.0"},{"id":75104,"flightName":"KQ1762","scheduleDate":"2015-04-24","flightDirection":"A","flightNumber":null,"prefixIATA":"KQ","prefixICAO":null,"scheduleTime":"08:20:00","serviceType":null,"mainFlight":"KL1762","codeshares":{"codeshares":["CZ7651","DL9449","KQ1762","MU8282","UX3781"]},"estimatedLandingTime":null,"actualLandingTime":null,"publicEstimatedOffBlockTime":null,"actualOffBlockTime":null,"publicFlightState":null,"route":{"destinations":["FRA"]},"terminal":null,"gate":null,"baggageClaim":null,"expectedTimeOnBelt":null,"checkinAllocations":null,"transferPositions":null,"aircraftType":null,"aircraftRegistration":null,"expectedTimeGateOpen":null,"expectedTimeBoarding":null,"expectedTimeGateClosing":null,"schemaVersion":"1.0"}],"schemaVersion":"1.0"}
