{"flights":[{"id":90471,"flightName":"VY3323","scheduleDate":"2015-08-19","flightDirection":"D","flightNumber":null,"prefixIATA":"VY","prefixICAO":null,"scheduleTime":"16:25:00","serviceType":null,"mainFlight":"VY3323","codeshares":null,"estimatedLandingTime":null,"actualLandingTime":null,"publicEstimatedOffBlockTime":null,"actualOffBlockTime":null,"publicFlightState":null,"route":{"destinations":["IBZ"]},"terminal":null,"gate":null,"baggageClaim":null,"expectedTimeOnBelt":null,"checkinAllocations":null,"transferPositions":null,"aircraftType":null,"aircraftRegistration":null,"expectedTimeGateOpen":null,"expectedTimeBoarding":null,"expectedTimeGateClosing":null,"schemaVersion":"1.0"},{"id":91401,"flightName":"PC5566","scheduleDate":"2015-08-28","flightDirection":"D","flightNumber":null,"prefixIATA":"PC","prefixICAO":null,"scheduleTime":"16:25:00","serviceType":null,"mainFlight":"PC5566","codeshares":null,"estimatedLandingTime":null,"actualLandingTime":null,"publicEstimatedOffBlockTime":null,"actualOffBlockTime":null,"publicFlightState":null,"route":{"destinations":["AYT"]},"terminal":null,"gate":null,"baggageClaim":null,"expectedTimeOnBelt":null,"checkinAllocations":null,"transferPositions":null,"aircraftType":null,"aircraftRegistration":null,"expectedTimeGateOpen":null,"expectedTimeBoarding":null,"expectedTimeGateClosing":null,"schemaVersion":"1.0"},{"id":91640,"flightName":"VY3323","scheduleDate":"2015-08-26","flightDirection":"D","flightNumber":null,"prefixIATA":"VY","prefixICAO":null,"scheduleTime":"16:25:00","serviceType":null,"mainFlight":"VY3323","codeshares":null,"estimatedLandingTime":null,"actualLandingTime":null,"publicEstimatedOffBlockTime":null,"actualOffBlockTime":null,"publicFlightState":null,"route":{"destinations":["IBZ"]},"terminal":null,"gate":null,"baggageClaim":null,"expectedTimeOnBelt":null,"checkinAllocations":null,"transferPositions":null,"aircraftType":null,"aircraftRegistration":null,"expectedTimeGateOpen":null,"expectedTimeBoarding":null,"expectedTimeGateClosing":null,"schemaVersion":"1.0"},{"id":91642,"flightName":"VY3323","scheduleDate":"2015-08-31","flightDirection":"D","flightNumber":null,"prefixIATA":"VY","prefixICAO":null,"scheduleTime":"16:25:00","serviceType":null,"mainFlight":"VY3323","codeshares":null,"estimatedLandingTime":null,"actualLandingTime":null,"publicEstimatedOffBlockTime":null,"actualOffBlockTime":null,"publicFlightState":null,"route":{"destinations":["IBZ"]},"terminal":null,"gate":null,"baggageClaim":null,"expectedTimeOnBelt":null,"checkinAllocations":null,"transferPositions":null,"aircraftType":null,"aircraftRegistration":null,"expectedTimeGateOpen":null,"expectedTimeBoarding":null,"expectedTimeGateClosing":null,"schemaVersion":"1.0"},{"id":91720,"flightName":"VY8325","scheduleDate":"2015-08-31","flightDirection":"D","flightNumber":null,"prefixIATA":"VY","prefixICAO":null,"scheduleTime":"16:25:00","serviceType":null,"mainFlight":"VY8325","codeshares":null,"estimatedLandingTime":null,"actualLandingTime":null,"publicEstimatedOffBlockTime":null,"actualOffBlockTime":null,"publicFlightState":null,"route":{"destinations":["BCN"]},"terminal":null,"gate":null,"baggageClaim":null,"expectedTimeOnBelt":null,"checkinAllocations":null,"transferPositions":null,"aircraftType":null,"aircraftRegistration":null,"expectedTimeGateOpen":null,"expectedTimeBoarding":null,"expectedTimeGateClosing":null,"schemaVersion":"1.0"},{"id":91726,"flightName":"VY8354","scheduleDate":"2015-08-30","flightDirection":"A","flightNumber":null,"prefixIATA":"VY","prefixICAO":null,"scheduleTime":"16:25:00","serviceType":null,"mainFlight":"VY8354","codeshares":null,"estimatedLandingTime":null,"actualLandingTime":null,"publicEstimatedOffBlockTime":null,"actualOffBlockTime":null,"publicFlightState":null,"route":{"destinations":["BIO"]},"terminal":null,"gate":null,"baggageClaim":null,"expectedTimeOnBelt":null,"checkinAllocations":null,"transferPositions":null,"aircraftType":null,"aircraftRegistration":null,"expectedTimeGateOpen":null,"expectedTimeBoarding":null,"expectedTimeGateClosing":null,"schemaVersion":"1.0"},{"id":90246,"flightName":"VY8341","scheduleDate":"2015-08-18","flightDirection":"D","flightNumber":null,"prefixIATA":"VY","prefixICAO":null,"scheduleTime":"16:35:00","serviceType":null,"mainFlight":"VY8341","codeshares":null,"estimatedLandingTime":null,"actualLandingTime":null,"publicEstimatedOffBlockTime":null,"actualOffBlockTime":null,"publicFlightState":null,"route":{"destinations":["SVQ"]},"terminal":null,"gate":null,"baggageClaim":null,"expectedTimeOnBelt":null,"checkinAllocations":null,"transferPositions":null,"aircraftType":null,"aircraftRegistration":null,"expectedTimeGateOpen":null,"expectedTimeBoarding":null,"expectedTimeGateClosing":null,"schemaVersion":"1.0"},{"id":90553,"flightName":"MH6128","scheduleDate":"2015-08-21","flightDirection":"A","flightNumber":null,"prefixIATA":"MH","prefixICAO":null,"scheduleTime":"16:35:00","serviceType":null,"mainFlight":"MH6128","codeshares":null,"estimatedLandingTime":null,"actualLandingTime":null,"publicEstimatedOffBlockTime":null,"actualOffBlockTime":null,"publicFlightState":null,"route":{"destinations":["KUL","DWC"]},"terminal":null,"gate":null,"baggageClaim":null,"expectedTimeOnBelt":null,"checkinAllocations":null,"transferPositions":null,"aircraftType":null,"aircraftRegistration":null,"expectedTimeGateOpen":null,"expectedTimeBoarding":null,"expectedTimeGateClosing":null,"schemaVersion":"1.0"},{"id":91725,"flightName":"VY8341","scheduleDate":"2015-08-25","flightDirection":"D","flightNumber":null,"prefixIATA":"VY","prefixICAO":null,"scheduleTime":"16:35:00","serviceType":null,"mainFlight":"VY8341","codeshares":null,"estimatedLandingTime":null,"actualLandingTime":null,"publicEstimatedOffBlockTime":null,"actualOffBlockTime":null,"publicFlightState":null,"route":{"destinations":["SVQ"]},"terminal":null,"gate":null,"baggageClaim":null,"expectedTimeOnBelt":null,"checkinAllocations":null,"transferPositions":null,"aircraftType":null,"aircraftRegistration":null,"expectedTimeGateOpen":null,"expectedTimeBoarding":null,"expectedTimeGateClosing":null,"schemaVersion":"1.0"},{"id":91865,"flightName":"HV433","scheduleDate":"2015-08-25","flightDirection":"D","flightNumber":null,"prefixIATA":"HV","prefixICAO":null,"scheduleTime":"16:40:00","serviceType":null,"mainFlight":"HV433","codeshares":null,"estimatedLandingTime":null,"actualLandingTime":null,"publicEstimatedOffBlockTime":null,"actualOffBlockTime":null,"publicFlightState":null,"route":{"destinations":["GZP"]},"terminal":null,"gate":null,"baggageClaim":null,"expectedTimeOnBelt":null,"checkinAllocations":null,"transferPositions":null,"aircraftType":null,"aircraftRegistration":null,"expectedTimeGateOpen":null,"expectedTimeBoarding":null,"expectedTimeGateClosing":null,"schemaVersion":"1.0"},{"id":90400,"flightName":"IZ2513","scheduleDate":"2015-08-24","flightDirection":"A","flightNumber":null,"prefixIATA":"IZ","prefixICAO":null,"scheduleTime":"16:45:00","serviceType":null,"mainFlight":"IZ2513","codeshares":null,"estimatedLandingTime":null,"actualLandingTime":null,"publicEstimatedOffBlockTime":null,"actualOffBlockTime":null,"publicFlightState":null,"route":{"destinations":["TLV"]},"terminal":null,"gate":null,"baggageClaim":null,"expectedTimeOnBelt":null,"checkinAllocations":null,"transferPositions":null,"aircraftType":null,"aircraftRegistration":null,"expectedTimeGateOpen":null,"expectedTimeBoarding":null,"expectedTimeGateClosing":null,"schemaVersion":"1.0"},{"id":91855,"flightName":"HV145","scheduleDate":"2015-08-25","flightDirection":"D","flightNumber":null,"prefixIATA":"HV","prefixICAO":null,"scheduleTime":"16:45:00","serviceType":null,"mainFlight":"HV145","codeshares":null,"estimatedLandingTime":null,"actualLandingTime":null,"publicEstimatedOffBlockTime":null,"actualOffBlockTime":null,"publicFlightState":null,"route":{"destinations":["GZP"]},"terminal":null,"gate":null,"baggageClaim":null,"expectedTimeOnBelt":null,"checkinAllocations":null,"transferPositions":null,"aircraftType":null,"aircraftRegistration":null,"expectedTimeGateOpen":null,"expectedTimeBoarding":null,"expectedTimeGateClosing":null,"schemaVersion":"1.0"},{"id":90275,"flightName":"VY8367","scheduleDate":"2015-08-18","flightDirection":"D","flightNumber":null,"prefixIATA":"VY","prefixICAO":null,"scheduleTime":"16:50:00","serviceType":null,"mainFlight":"VY8367","codeshares":null,"estimatedLandingTime":null,"actualLandingTime":null,"publicEstimatedOffBlockTime":null,"actualOffBlockTime":null,"publicFlightState":null,"route":{"destinations":["AGP"]},"terminal":null,"gate":null,"baggageClaim":null,"expectedTimeOnBelt":null,"checkinAllocations":null,"transferPositions":null,"aircraftType":null,"aircraftRegistration":null,"expectedTimeGateOpen":null,"expectedTimeBoarding":null,"expectedTimeGateClosing":null,"schemaVersion":"1.0"},{"id":90303,"flightName":"BA432","scheduleDate":"2015-08-19","flightDirection":"A","flightNumber":null,"prefixIATA":"BA","prefixICAO":null,"scheduleTime":"16:50:00","serviceType":null,"mainFlight":"BA432","codeshares":null,"estimatedLandingTime":null,"actualLandingTime":null,"publicEstimatedOffBlockTime":null,"actualOffBlockTime":null,"publicFlightState":null,"route":{"destinations":["LHR"]},"terminal":null,"gate":null,"baggageClaim":null,"expectedTimeOnBelt":null,"checkinAllocations":null,"transferPositions":null,"aircraftType":null,"aircraftRegistration":null,"expectedTimeGateOpen":null,"expectedTimeBoarding":null,"expectedTimeGateClosing":null,"schemaVersion":"1.0"},{"id":90475,"flightName":"VY2902","scheduleDate":"2015-08-19","flightDirection":"D","flightNumber":null,"prefixIATA":"VY","prefixICAO":null,"scheduleTime":"16:50:00","serviceType":null,"mainFlight":"VY2902","codeshares":null,"estimatedLandingTime":null,"actualLandingTime":null,"publicEstimatedOffBlockTime":null,"actualOffBlockTime":null,"publicFlightState":null,"route":{"destinations":["PMI"]},"terminal":null,"gate":null,"baggageClaim":null,"expectedTimeOnBelt":null,"checkinAllocations":null,"transferPositions":null,"aircraftType":null,"aircraftRegistration":null,"expectedTimeGateOpen":null,"expectedTimeBoarding":null,"expectedTimeGateClosing":null,"schemaVersion":"1.0"},{"id":90659,"flightName":"AT850","scheduleDate":"2015-08-30","flightDirection":"A","flightNumber":null,"prefixIATA":"AT","prefixICAO":null,"scheduleTime":"16:50:00","serviceType":null,"mainFlight":"AT850","codeshares":null,"estimatedLandingTime":null,"actualLandingTime":null,"publicEstimatedOffBlockTime":null,"actualOffBlockTime":null,"publicFlightState":null,"route":{"destinations":["CMN"]},"terminal":null,"gate":null,"baggageClaim":null,"expectedTimeOnBelt":null,"checkinAllocations":null,"transferPositions":null,"aircraftType":null,"aircraftRegistration":null,"expectedTimeGateOpen":null,"expectedTimeBoarding":null,"expectedTimeGateClosing":null,"schemaVersion":"1.0"},{"id":90661,"flightName":"AT850","scheduleDate":"2015-08-29","flightDirection":"A","flightNumber":null,"prefixIATA":"AT","prefixICAO":null,"scheduleTime":"16:50:00","serviceType":null,"mainFlight":"AT850","codeshares":null,"estimatedLandingTime":null,"actualLandingTime":null,"publicEstimatedOffBlockTime":null,"actualOffBlockTime":null,"publicFlightState":null,"route":{"destinations":["CMN"]},"terminal":null,"gate":null,"baggageClaim":null,"expectedTimeOnBelt":null,"checkinAllocations":null,"transferPositions":null,"aircraftType":null,"aircraftRegistration":null,"expectedTimeGateOpen":null,"expectedTimeBoarding":null,"expectedTimeGateClosing":null,"schemaVersion":"1.0"},{"id":90663,"flightName":"AT850","scheduleDate":"2015-08-28","flightDirection":"A","flightNumber":null,"prefixIATA":"AT","prefixICAO":null,"scheduleTime":"16:50:00","serviceType":null,"mainFlight":"AT850","codeshares":null,"estimatedLandingTime":null,"actualLandingTime":null,"publicEstimatedOffBlockTime":null,"actualOffBlockTime":null,"publicFlightState":null,"route":{"destinations":["CMN"]},"terminal":null,"gate":null,"baggageClaim":null,"expectedTimeOnBelt":null,"checkinAllocations":null,"transferPositions":null,"aircraftType":null,"aircraftRegistration":null,"expectedTimeGateOpen":null,"expectedTimeBoarding":null,"expectedTimeGateClosing":null,"schemaVersion":"1.0"},{"id":90665,"flightName":"AT850","scheduleDate":"2015-08-26","flightDirection":"A","flightNumber":null,"prefixIATA":"AT","prefixICAO":null,"scheduleTime":"16:50:00","serviceType":null,"mainFlight":"AT850","codeshares":null,"estimatedLandingTime":null,"actualLandingTime":null,"publicEstimatedOffBlockTime":null,"actualOffBlockTime":null,"publicFlightState":null,"route":{"destinations":["CMN"]},"terminal":null,"gate":null,"baggageClaim":null,"expectedTimeOnBelt":null,"checkinAllocations":null,"transferPositions":null,"aircraftType":null,"aircraftRegistration":null,"expectedTimeGateOpen":null,"expectedTimeBoarding":null,"expectedTimeGateClosing":null,"schemaVersion":"1.0"},{"id":90667,"flightName":"AT850","scheduleDate":"2015-08-25","flightDirection":"A","flightNumber":null,"prefixIATA":"AT","prefixICAO":null,"scheduleTime":"16:50:00","serviceType":null,"mainFlight":"AT850","codeshares":null,"estimatedLandingTime":null,"actualLandingTime":null,"publicEstimatedOffBlockTime":null,"actualOffBlockTime":null,"publicFlightState":null,"route":{"destinations":["CMN"]},"terminal":null,"gate":null,"baggageClaim":null,"expectedTimeOnBelt":null,"checkinAllocations":null,"transferPositions":null,"aircraftType":null,"aircraftRegistration":null,"expectedTimeGateOpen":null,"expectedTimeBoarding":null,"expectedTimeGateClosing":null,"schemaVersion":"1.0"}],"schemaVersion":"1.0"}
