{"flights":[{"id":64230,"flightName":"AZ3997","scheduleDate":"2015-04-01","flightDirection":"A","flightNumber":null,"prefixIATA":"AZ","prefixICAO":null,"scheduleTime":"11:50:00","serviceType":null,"mainFlight":"KL1198","codeshares":{"codeshares":["AF8235","AZ3997","DL9508","SU3184"]},"estimatedLandingTime":null,"actualLandingTime":null,"publicEstimatedOffBlockTime":null,"actualOffBlockTime":null,"publicFlightState":null,"route":{"destinations":["SVG"]},"terminal":null,"gate":null,"baggageClaim":null,"expectedTimeOnBelt":null,"checkinAllocations":null,"transferPositions":null,"aircraftType":null,"aircraftRegistration":null,"expectedTimeGateOpen":null,"expectedTimeBoarding":null,"expectedTimeGateClosing":null,"schemaVersion":"1.0"},{"id":64230,"flightName":"DL9508","scheduleDate":"2015-04-01","flightDirection":"A","flightNumber":null,"prefixIATA":"DL","prefixICAO":null,"scheduleTime":"11:50:00","serviceType":null,"mainFlight":"KL1198","codeshares":{"codeshares":["AF8235","AZ3997","DL9508","SU3184"]},"estimatedLandingTime":null,"actualLandingTime":null,"publicEstimatedOffBlockTime":null,"actualOffBlockTime":null,"publicFlightState":null,"route":{"destinations":["SVG"]},"terminal":null,"gate":null,"baggageClaim":null,"expectedTimeOnBelt":null,"checkinAllocations":null,"transferPositions":null,"aircraftType":null,"aircraftRegistration":null,"expectedTimeGateOpen":null,"expectedTimeBoarding":null,"expectedTimeGateClosing":null,"schemaVersion":"1.0"},{"id":64230,"flightName":"SU3184","scheduleDate":"2015-04-01","flightDirection":"A","flightNumber":null,"prefixIATA":"SU","prefixICAO":null,"scheduleTime":"11:50:00","serviceType":null,"mainFlight":"KL1198","codeshares":{"codeshares":["AF8235","AZ3997","DL9508","SU3184"]},"estimatedLandingTime":null,"actualLandingTime":null,"publicEstimatedOffBlockTime":null,"actualOffBlockTime":null,"publicFlightState":null,"route":{"destinations":["SVG"]},"terminal":null,"gate":null,"baggageClaim":null,"expectedTimeOnBelt":null,"checkinAllocations":null,"transferPositions":null,"aircraftType":null,"aircraftRegistration":null,"expectedTimeGateOpen":null,"expectedTimeBoarding":null,"expectedTimeGateClosing":null,"schemaVersion":"1.0"},{"id":64249,"flightName":"KL1186","scheduleDate":"2015-04-01","flightDirection":"A","flightNumber":null,"prefixIATA":"KL","prefixICAO":null,"scheduleTime":"11:50:00","serviceType":null,"mainFlight":"KL1186","codeshares":{"codeshares":["DL9413","SU4329"]},"estimatedLandingTime":null,"actualLandingTime":null,"publicEstimatedOffBlockTime":null,"actualOffBlockTime":null,"publicFlightState":null,"route":{"destinations":["BGO"]},"terminal":null,"gate":null,"baggageClaim":null,"expectedTimeOnBelt":null,"checkinAllocations":null,"transferPositions":null,"aircraftType":null,"aircraftRegistration":null,"expectedTimeGateOpen":null,"expectedTimeBoarding":null,"expectedTimeGateClosing":null,"schemaVersion":"1.0"},{"id":64249,"flightName":"DL9413","scheduleDate":"2015-04-01","flightDirection":"A","flightNumber":null,"prefixIATA":"DL","prefixICAO":null,"scheduleTime":"11:50:00","serviceType":null,"mainFlight":"KL1186","codeshares":{"codeshares":["DL9413","SU4329"]},"estimatedLandingTime":null,"actualLandingTime":null,"publicEstimatedOffBlockTime":null,"actualOffBlockTime":null,"publicFlightState":null,"route":{"destinations":["BGO"]},"terminal":null,"gate":null,"baggageClaim":null,"expectedTimeOnBelt":null,"checkinAllocations":null,"transferPositions":null,"aircraftType":null,"aircraftRegistration":null,"expectedTimeGateOpen":null,"expectedTimeBoarding":null,"expectedTimeGateClosing":null,"schemaVersion":"1.0"},{"id":64249,"flightName":"SU4329","scheduleDate":"2015-04-01","flightDirection":"A","flightNumber":null,"prefixIATA":"SU","prefixICAO":null,"scheduleTime":"11:50:00","serviceType":null,"mainFlight":"KL1186","codeshares":{"codeshares":["DL9413","SU4329"]},"estimatedLandingTime":null,"actualLandingTime":null,"publicEstimatedOffBlockTime":null,"actualOffBlockTime":null,"publicFlightState":null,"route":{"destinations":["BGO"]},"terminal":null,"gate":null,"baggageClaim":null,"expectedTimeOnBelt":null,"checkinAllocations":null,"transferPositions":null,"aircraftType":null,"aircraftRegistration":null,"expectedTimeGateOpen":null,"expectedTimeBoarding":null,"expectedTimeGateClosing":null,"schemaVersion":"1.0"},{"id":64404,"flightName":"KL1217","scheduleDate":"2015-04-01","flightDirection":"D","flightNumber":null,"prefixIATA":"KL","prefixICAO":null,"scheduleTime":"11:50:00","serviceType":null,"mainFlight":"KL1217","codeshares":{"codeshares":["AF8311","AZ3804","DL9595","KQ1217"]},"estimatedLandingTime":null,"actualLandingTime":null,"publicEstimatedOffBlockTime":null,"actualOffBlockTime":null,"publicFlightState":null,"route":{"destinations":["TRF"]},"terminal":null,"gate":null,"baggageClaim":null,"expectedTimeOnBelt":null,"checkinAllocations":null,"transferPositions":null,"aircraftType":null,"aircraftRegistration":null,"expectedTimeGateOpen":null,"expectedTimeBoarding":null,"expectedTimeGateClosing":null,"schemaVersion":"1.0"},{"id":64404,"flightName":"AF8311","scheduleDate":"2015-04-01","flightDirection":"D","flightNumber":null,"prefixIATA":"AF","prefixICAO":null,"scheduleTime":"11:50:00","serviceType":null,"mainFlight":"KL1217","codeshares":{"codeshares":["AF8311","AZ3804","DL9595","KQ1217"]},"estimatedLandingTime":null,"actualLandingTime":null,"publicEstimatedOffBlockTime":null,"actualOffBlockTime":null,"publicFlightState":null,"route":{"destinations":["TRF"]},"terminal":null,"gate":null,"baggageClaim":null,"expectedTimeOnBelt":null,"checkinAllocations":null,"transferPositions":null,"aircraftType":null,"aircraftRegistration":null,"expectedTimeGateOpen":null,"expectedTimeBoarding":null,"expectedTimeGateClosing":null,"schemaVersion":"1.0"},{"id":64404,"flightName":"AZ3804","scheduleDate":"2015-04-01","flightDirection":"D","flightNumber":null,"prefixIATA":"AZ","prefixICAO":null,"scheduleTime":"11:50:00","serviceType":null,"mainFlight":"KL1217","codeshares":{"codeshares":["AF8311","AZ3804","DL9595","KQ1217"]},"estimatedLandingTime":null,"actualLandingTime":null,"publicEstimatedOffBlockTime":null,"actualOffBlockTime":null,"publicFlightState":null,"route":{"destinations":["TRF"]},"terminal":null,"gate":null,"baggageClaim":null,"expectedTimeOnBelt":null,"checkinAllocations":null,"transferPositions":null,"aircraftType":null,"aircraftRegistration":null,"expectedTimeGateOpen":null,"expectedTimeBoarding":null,"expectedTimeGateClosing":null,"schemaVersion":"1.0"},{"id":64404,"flightName":"DL9595","scheduleDate":"2015-04-01","flightDirection":"D","flightNumber":null,"prefixIATA":"DL","prefixICAO":null,"scheduleTime":"11:50:00","serviceType":null,"mainFlight":"KL1217","codeshares":{"codeshares":["AF8311","AZ3804","DL9595","KQ1217"]},"estimatedLandingTime":null,"actualLandingTime":null,"publicEstimatedOffBlockTime":null,"actualOffBlockTime":null,"publicFlightState":null,"route":{"destinations":["TRF"]},"terminal":null,"gate":null,"baggageClaim":null,"expectedTimeOnBelt":null,"checkinAllocations":null,"transferPositions":null,"aircraftType":null,"aircraftRegistration":null,"expectedTimeGateOpen":null,"expectedTimeBoarding":null,"expectedTimeGateClosing":null,"schemaVersion":"1.0"},{"id":64404,"flightName":"KQ1217","scheduleDate":"2015-04-01","flightDirection":"D","flightNumber":null,"prefixIATA":"KQ","prefixICAO":null,"scheduleTime":"11:50:00","serviceType":null,"mainFlight":"KL1217","codeshares":{"codeshares":["AF8311","AZ3804","DL9595","KQ1217"]},"estimatedLandingTime":null,"actualLandingTime":null,"publicEstimatedOffBlockTime":null,"actualOffBlockTime":null,"publicFlightState":null,"route":{"destinations":["TRF"]},"terminal":null,"gate":null,"baggageClaim":null,"expectedTimeOnBelt":null,"checkinAllocations":null,"transferPositions":null,"aircraftType":null,"aircraftRegistration":null,"expectedTimeGateOpen":null,"expectedTimeBoarding":null,"expectedTimeGateClosing":null,"schemaVersion":"1.0"},{"id":64777,"flightName":"KL1422","scheduleDate":"2015-04-01","flightDirection":"A","flightNumber":null,"prefixIATA":"KL","prefixICAO":null,"scheduleTime":"11:50:00","serviceType":null,"mainFlight":"KL1422","codeshares":{"codeshares":["CZ7811","DL9414","PS9452","SU3145"]},"estimatedLandingTime":null,"actualLandingTime":null,"publicEstimatedOffBlockTime":null,"actualOffBlockTime":null,"publicFlightState":null,"route":{"destinations":["BHX"]},"terminal":null,"gate":null,"baggageClaim":null,"expectedTimeOnBelt":null,"checkinAllocations":null,"transferPositions":null,"aircraftType":null,"aircraftRegistration":null,"expectedTimeGateOpen":null,"expectedTimeBoarding":null,"expectedTimeGateClosing":null,"schemaVersion":"1.0"},{"id":64777,"flightName":"CZ7811","scheduleDate":"2015-04-01","flightDirection":"A","flightNumber":null,"prefixIATA":"CZ","prefixICAO":null,"scheduleTime":"11:50:00","serviceType":null,"mainFlight":"KL1422","codeshares":{"codeshares":["CZ7811","DL9414","PS9452","SU3145"]},"estimatedLandingTime":null,"actualLandingTime":null,"publicEstimatedOffBlockTime":null,"actualOffBlockTime":null,"publicFlightState":null,"route":{"destinations":["BHX"]},"terminal":null,"gate":null,"baggageClaim":null,"expectedTimeOnBelt":null,"checkinAllocations":null,"transferPositions":null,"aircraftType":null,"aircraftRegistration":null,"expectedTimeGateOpen":null,"expectedTimeBoarding":null,"expectedTimeGateClosing":null,"schemaVersion":"1.0"},{"id":64777,"flightName":"DL9414","scheduleDate":"2015-04-01","flightDirection":"A","flightNumber":null,"prefixIATA":"DL","prefixICAO":null,"scheduleTime":"11:50:00","serviceType":null,"mainFlight":"KL1422","codeshares":{"codeshares":["CZ7811","DL9414","PS9452","SU3145"]},"estimatedLandingTime":null,"actualLandingTime":null,"publicEstimatedOffBlockTime":null,"actualOffBlockTime":null,"publicFlightState":null,"route":{"destinations":["BHX"]},"terminal":null,"gate":null,"baggageClaim":null,"expectedTimeOnBelt":null,"checkinAllocations":null,"transferPositions":null,"aircraftType":null,"aircraftRegistration":null,"expectedTimeGateOpen":null,"expectedTimeBoarding":null,"expectedTimeGateClosing":null,"schemaVersion":"1.0"},{"id":64777,"flightName":"PS9452","scheduleDate":"2015-04-01","flightDirection":"A","flightNumber":null,"prefixIATA":"PS","prefixICAO":null,"scheduleTime":"11:50:00","serviceType":null,"mainFlight":"KL1422","codeshares":{"codeshares":["CZ7811","DL9414","PS9452","SU3145"]},"estimatedLandingTime":null,"actualLandingTime":null,"publicEstimatedOffBlockTime":null,"actualOffBlockTime":null,"publicFlightState":null,"route":{"destinations":["BHX"]},"terminal":null,"gate":null,"baggageClaim":null,"expectedTimeOnBelt":null,"checkinAllocations":null,"transferPositions":null,"aircraftType":null,"aircraftRegistration":null,"expectedTimeGateOpen":null,"expectedTimeBoarding":null,"expectedTimeGateClosing":null,"schemaVersion":"1.0"},{"id":64777,"flightName":"SU3145","scheduleDate":"2015-04-01","flightDirection":"A","flightNumber":null,"prefixIATA":"SU","prefixICAO":null,"scheduleTime":"11:50:00","serviceType":null,"mainFlight":"KL1422","codeshares":{"codeshares":["CZ7811","DL9414","PS9452","SU3145"]},"estimatedLandingTime":null,"actualLandingTime":null,"publicEstimatedOffBlockTime":null,"actualOffBlockTime":null,"publicFlightState":null,"route":{"destinations":["BHX"]},"terminal":null,"gate":null,"baggageClaim":null,"expectedTimeOnBelt":null,"checkinAllocations":null,"transferPositions":null,"aircraftType":null,"aircraftRegistration":null,"expectedTimeGateOpen":null,"expectedTimeBoarding":null,"expectedTimeGateClosing":null,"schemaVersion":"1.0"},{"id":65421,"flightName":"KL1808","scheduleDate":"2015-04-01","flightDirection":"A","flightNumber":null,"prefixIATA":"KL","prefixICAO":null,"scheduleTime":"11:50:00","serviceType":null,"mainFlight":"KL1808","codeshares":{"codeshares":["AF8268","AZ3815","DL9433"]},"estimatedLandingTime":null,"actualLandingTime":null,"publicEstimatedOffBlockTime":null,"actualOffBlockTime":null,"publicFlightState":null,"route":{"destinations":["CGN"]},"terminal":null,"gate":null,"baggageClaim":null,"expectedTimeOnBelt":null,"checkinAllocations":null,"transferPositions":null,"aircraftType":null,"aircraftRegistration":null,"expectedTimeGateOpen":null,"expectedTimeBoarding":null,"expectedTimeGateClosing":null,"schemaVersion":"1.0"},{"id":65421,"flightName":"AF8268","scheduleDate":"2015-04-01","flightDirection":"A","flightNumber":null,"prefixIATA":"AF","prefixICAO":null,"scheduleTime":"11:50:00","serviceType":null,"mainFlight":"KL1808","codeshares":{"codeshares":["AF8268","AZ3815","DL9433"]},"estimatedLandingTime":null,"actualLandingTime":null,"publicEstimatedOffBlockTime":null,"actualOffBlockTime":null,"publicFlightState":null,"route":{"destinations":["CGN"]},"terminal":null,"gate":null,"baggageClaim":null,"expectedTimeOnBelt":null,"checkinAllocations":null,"transferPositions":null,"aircraftType":null,"aircraftRegistration":null,"expectedTimeGateOpen":null,"expectedTimeBoarding":null,"expectedTimeGateClosing":null,"schemaVersion":"1.0"},{"id":65421,"flightName":"AZ3815","scheduleDate":"2015-04-01","flightDirection":"A","flightNumber":null,"prefixIATA":"AZ","prefixICAO":null,"scheduleTime":"11:50:00","serviceType":null,"mainFlight":"KL1808","codeshares":{"codeshares":["AF8268","AZ3815","DL9433"]},"estimatedLandingTime":null,"actualLandingTime":null,"publicEstimatedOffBlockTime":null,"actualOffBlockTime":null,"publicFlightState":null,"route":{"destinations":["CGN"]},"terminal":null,"gate":null,"baggageClaim":null,"expectedTimeOnBelt":null,"checkinAllocations":null,"transferPositions":null,"aircraftType":null,"aircraftRegistration":null,"expectedTimeGateOpen":null,"expectedTimeBoarding":null,"expectedTimeGateClosing":null,"schemaVersion":"1.0"},{"id":65421,"flightName":"DL9433","scheduleDate":"2015-04-01","flightDirection":"A","flightNumber":null,"prefixIATA":"DL","prefixICAO":null,"scheduleTime":"11:50:00","serviceType":null,"mainFlight":"KL1808","codeshares":{"codeshares":["AF8268","AZ3815","DL9433"]},"estimatedLandingTime":null,"actualLandingTime":null,"publicEstimatedOffBlockTime":null,"actualOffBlockTime":null,"publicFlightState":null,"route":{"destinations":["CGN"]},"terminal":null,"gate":null,"baggageClaim":null,"expectedTimeOnBelt":null,"checkinAllocations":null,"transferPositions":null,"aircraftType":null,"aircraftRegistration":null,"expectedTimeGateOpen":null,"expectedTimeBoarding":null,"expectedTimeGateClosing":null,"schemaVersion":"1.0"}],"schemaVersion":"1.0"}
